MAKHUYENMAI,THONGTINKHUYENMAI,LOAIKHUYENMAI
KM00000001,Info 1,Customer
KM00000002,Info 2,Customer
KM00000003,Info 3,Customer
KM00000004,Info 4,Customer
KM00000005,Info 5,Customer
KM00000006,Info 6,Customer
KM00000007,Info 7,Customer
KM00000008,Info 8,Customer
KM00000009,Info 9,Customer
KM00000010,Info 10,Customer
KM00000011,Info 11,Customer
KM00000012,Info 12,Customer
KM00000013,Info 13,Customer
KM00000014,Info 14,Customer
KM00000015,Info 15,Customer
KM00000016,Info 16,Customer
KM00000017,Info 17,Customer
KM00000018,Info 18,Customer
KM00000019,Info 19,Customer
KM00000020,Info 20,Customer
KM00000021,Info 21,Customer
KM00000022,Info 22,Customer
KM00000023,Info 23,Customer
KM00000024,Info 24,Customer
KM00000025,Info 25,Customer
KM00000026,Info 26,Customer
KM00000027,Info 27,Customer
KM00000028,Info 28,Customer
KM00000029,Info 29,Customer
KM00000030,Info 30,Customer
KM00000031,Info 31,Customer
KM00000032,Info 32,Customer
KM00000033,Info 33,Customer
KM00000034,Info 34,Customer
KM00000035,Info 35,Customer
KM00000036,Info 36,Customer
KM00000037,Info 37,Customer
KM00000038,Info 38,Customer
KM00000039,Info 39,Customer
KM00000040,Info 40,Customer
KM00000041,Info 41,Customer
KM00000042,Info 42,Customer
KM00000043,Info 43,Customer
KM00000044,Info 44,Customer
KM00000045,Info 45,Customer
KM00000046,Info 46,Customer
KM00000047,Info 47,Customer
KM00000048,Info 48,Customer
KM00000049,Info 49,Customer
KM00000050,Info 50,Customer
KM00000051,Info 51,Customer
KM00000052,Info 52,Customer
KM00000053,Info 53,Customer
KM00000054,Info 54,Customer
KM00000055,Info 55,Customer
KM00000056,Info 56,Customer
KM00000057,Info 57,Customer
KM00000058,Info 58,Customer
KM00000059,Info 59,Customer
KM00000060,Info 60,Customer
KM00000061,Info 61,Customer
KM00000062,Info 62,Customer
KM00000063,Info 63,Customer
KM00000064,Info 64,Customer
KM00000065,Info 65,Customer
KM00000066,Info 66,Customer
KM00000067,Info 67,Customer
KM00000068,Info 68,Customer
KM00000069,Info 69,Customer
KM00000070,Info 70,Customer
KM00000071,Info 71,Customer
KM00000072,Info 72,Customer
KM00000073,Info 73,Customer
KM00000074,Info 74,Customer
KM00000075,Info 75,Customer
KM00000076,Info 76,Customer
KM00000077,Info 77,Customer
KM00000078,Info 78,Customer
KM00000079,Info 79,Customer
KM00000080,Info 80,Customer
KM00000081,Info 81,Customer
KM00000082,Info 82,Customer
KM00000083,Info 83,Customer
KM00000084,Info 84,Customer
KM00000085,Info 85,Customer
KM00000086,Info 86,Customer
KM00000087,Info 87,Customer
KM00000088,Info 88,Customer
KM00000089,Info 89,Customer
KM00000090,Info 90,Customer
KM00000091,Info 91,Customer
KM00000092,Info 92,Customer
KM00000093,Info 93,Customer
KM00000094,Info 94,Customer
KM00000095,Info 95,Customer
KM00000096,Info 96,Customer
KM00000097,Info 97,Customer
KM00000098,Info 98,Customer
KM00000099,Info 99,Customer
KM00000100,Info 100,Customer
KM00000101,Info 101,Customer
KM00000102,Info 102,Customer
KM00000103,Info 103,Customer
KM00000104,Info 104,Customer
KM00000105,Info 105,Customer
KM00000106,Info 106,Customer
KM00000107,Info 107,Customer
KM00000108,Info 108,Customer
KM00000109,Info 109,Customer
KM00000110,Info 110,Customer
KM00000111,Info 111,Customer
KM00000112,Info 112,Customer
KM00000113,Info 113,Customer
KM00000114,Info 114,Customer
KM00000115,Info 115,Customer
KM00000116,Info 116,Customer
KM00000117,Info 117,Customer
KM00000118,Info 118,Customer
KM00000119,Info 119,Customer
KM00000120,Info 120,Customer
KM00000121,Info 121,Customer
KM00000122,Info 122,Customer
KM00000123,Info 123,Customer
KM00000124,Info 124,Customer
KM00000125,Info 125,Customer
KM00000126,Info 126,Customer
KM00000127,Info 127,Customer
KM00000128,Info 128,Customer
KM00000129,Info 129,Customer
KM00000130,Info 130,Customer
KM00000131,Info 131,Customer
KM00000132,Info 132,Customer
KM00000133,Info 133,Customer
KM00000134,Info 134,Customer
KM00000135,Info 135,Customer
KM00000136,Info 136,Customer
KM00000137,Info 137,Customer
KM00000138,Info 138,Customer
KM00000139,Info 139,Customer
KM00000140,Info 140,Customer
KM00000141,Info 141,Customer
KM00000142,Info 142,Customer
KM00000143,Info 143,Customer
KM00000144,Info 144,Customer
KM00000145,Info 145,Customer
KM00000146,Info 146,Customer
KM00000147,Info 147,Customer
KM00000148,Info 148,Customer
KM00000149,Info 149,Customer
KM00000150,Info 150,Customer
KM00000151,Info 151,Customer
KM00000152,Info 152,Customer
KM00000153,Info 153,Customer
KM00000154,Info 154,Customer
KM00000155,Info 155,Customer
KM00000156,Info 156,Customer
KM00000157,Info 157,Customer
KM00000158,Info 158,Customer
KM00000159,Info 159,Customer
KM00000160,Info 160,Customer
KM00000161,Info 161,Customer
KM00000162,Info 162,Customer
KM00000163,Info 163,Customer
KM00000164,Info 164,Customer
KM00000165,Info 165,Customer
KM00000166,Info 166,Customer
KM00000167,Info 167,Customer
KM00000168,Info 168,Customer
KM00000169,Info 169,Customer
KM00000170,Info 170,Customer
KM00000171,Info 171,Customer
KM00000172,Info 172,Customer
KM00000173,Info 173,Customer
KM00000174,Info 174,Customer
KM00000175,Info 175,Customer
KM00000176,Info 176,Customer
KM00000177,Info 177,Customer
KM00000178,Info 178,Customer
KM00000179,Info 179,Customer
KM00000180,Info 180,Customer
KM00000181,Info 181,Customer
KM00000182,Info 182,Customer
KM00000183,Info 183,Customer
KM00000184,Info 184,Customer
KM00000185,Info 185,Customer
KM00000186,Info 186,Customer
KM00000187,Info 187,Customer
KM00000188,Info 188,Customer
KM00000189,Info 189,Customer
KM00000190,Info 190,Customer
KM00000191,Info 191,Customer
KM00000192,Info 192,Customer
KM00000193,Info 193,Customer
KM00000194,Info 194,Customer
KM00000195,Info 195,Customer
KM00000196,Info 196,Customer
KM00000197,Info 197,Customer
KM00000198,Info 198,Customer
KM00000199,Info 199,Customer
KM00000200,Info 200,Customer
KM00000201,Info 201,Customer
KM00000202,Info 202,Customer
KM00000203,Info 203,Customer
KM00000204,Info 204,Customer
KM00000205,Info 205,Customer
KM00000206,Info 206,Customer
KM00000207,Info 207,Customer
KM00000208,Info 208,Customer
KM00000209,Info 209,Customer
KM00000210,Info 210,Customer
KM00000211,Info 211,Customer
KM00000212,Info 212,Customer
KM00000213,Info 213,Customer
KM00000214,Info 214,Customer
KM00000215,Info 215,Customer
KM00000216,Info 216,Customer
KM00000217,Info 217,Customer
KM00000218,Info 218,Customer
KM00000219,Info 219,Customer
KM00000220,Info 220,Customer
KM00000221,Info 221,Customer
KM00000222,Info 222,Customer
KM00000223,Info 223,Customer
KM00000224,Info 224,Customer
KM00000225,Info 225,Customer
KM00000226,Info 226,Customer
KM00000227,Info 227,Customer
KM00000228,Info 228,Customer
KM00000229,Info 229,Customer
KM00000230,Info 230,Customer
KM00000231,Info 231,Customer
KM00000232,Info 232,Customer
KM00000233,Info 233,Customer
KM00000234,Info 234,Customer
KM00000235,Info 235,Customer
KM00000236,Info 236,Customer
KM00000237,Info 237,Customer
KM00000238,Info 238,Customer
KM00000239,Info 239,Customer
KM00000240,Info 240,Customer
KM00000241,Info 241,Customer
KM00000242,Info 242,Customer
KM00000243,Info 243,Customer
KM00000244,Info 244,Customer
KM00000245,Info 245,Customer
KM00000246,Info 246,Customer
KM00000247,Info 247,Customer
KM00000248,Info 248,Customer
KM00000249,Info 249,Customer
KM00000250,Info 250,Customer
