MADHTRUCTUYEN,THOIGIANGIAO,DIACHIGIAO,TRANGTHAIGIAO
DONDAT1501,22:52:00,Address 211,Delivered
DONDAT1502,07:45:00,Address 374,Processing
DONDAT1503,02:07:00,Address 132,Delivered
DONDAT1504,10:21:00,Address 147,Cancelled
DONDAT1505,22:28:00,Address 151,Processing
DONDAT1506,18:23:00,Address 338,Processing
DONDAT1507,21:25:00,Address 239,Delivered
DONDAT1508,11:30:00,Address 262,Delivered
DONDAT1509,10:31:00,Address 164,Cancelled
DONDAT1510,13:11:00,Address 55,Processing
DONDAT1511,19:19:00,Address 292,Processing
DONDAT1512,08:54:00,Address 142,Cancelled
DONDAT1513,17:13:00,Address 371,Delivered
DONDAT1514,04:25:00,Address 161,Cancelled
DONDAT1515,22:50:00,Address 26,Processing
DONDAT1516,14:58:00,Address 386,Cancelled
DONDAT1517,06:55:00,Address 46,Processing
DONDAT1518,08:50:00,Address 421,Delivered
DONDAT1519,16:47:00,Address 80,Processing
DONDAT1520,05:42:00,Address 161,Cancelled
DONDAT1521,15:55:00,Address 30,Cancelled
DONDAT1522,11:10:00,Address 171,Cancelled
DONDAT1523,06:11:00,Address 181,Delivered
DONDAT1524,08:25:00,Address 2,Processing
DONDAT1525,19:45:00,Address 181,Processing
DONDAT1526,12:59:00,Address 473,Delivered
DONDAT1527,19:28:00,Address 15,Cancelled
DONDAT1528,11:01:00,Address 389,Cancelled
DONDAT1529,08:03:00,Address 297,Cancelled
DONDAT1530,08:13:00,Address 431,Cancelled
DONDAT1531,14:03:00,Address 196,Delivered
DONDAT1532,15:23:00,Address 287,Cancelled
DONDAT1533,10:55:00,Address 359,Cancelled
DONDAT1534,22:16:00,Address 368,Cancelled
DONDAT1535,19:36:00,Address 14,Cancelled
DONDAT1536,02:50:00,Address 178,Cancelled
DONDAT1537,06:03:00,Address 115,Cancelled
DONDAT1538,21:03:00,Address 343,Delivered
DONDAT1539,12:09:00,Address 477,Processing
DONDAT1540,00:58:00,Address 60,Delivered
DONDAT1541,08:34:00,Address 165,Processing
DONDAT1542,23:43:00,Address 36,Processing
DONDAT1543,13:54:00,Address 457,Cancelled
DONDAT1544,10:19:00,Address 468,Processing
DONDAT1545,18:54:00,Address 245,Processing
DONDAT1546,02:00:00,Address 214,Delivered
DONDAT1547,03:23:00,Address 464,Cancelled
DONDAT1548,07:44:00,Address 349,Cancelled
DONDAT1549,10:52:00,Address 173,Delivered
DONDAT1550,09:06:00,Address 204,Processing
DONDAT1551,03:00:00,Address 290,Processing
DONDAT1552,16:16:00,Address 107,Delivered
DONDAT1553,03:14:00,Address 41,Processing
DONDAT1554,09:05:00,Address 159,Cancelled
DONDAT1555,20:33:00,Address 176,Delivered
DONDAT1556,10:57:00,Address 268,Cancelled
DONDAT1557,13:48:00,Address 490,Cancelled
DONDAT1558,18:41:00,Address 115,Cancelled
DONDAT1559,23:17:00,Address 499,Delivered
DONDAT1560,14:29:00,Address 66,Delivered
DONDAT1561,18:08:00,Address 413,Processing
DONDAT1562,11:37:00,Address 375,Processing
DONDAT1563,16:51:00,Address 443,Processing
DONDAT1564,23:33:00,Address 225,Processing
DONDAT1565,21:23:00,Address 35,Cancelled
DONDAT1566,13:03:00,Address 287,Cancelled
DONDAT1567,12:53:00,Address 29,Processing
DONDAT1568,12:20:00,Address 274,Delivered
DONDAT1569,09:27:00,Address 471,Delivered
DONDAT1570,17:20:00,Address 173,Delivered
DONDAT1571,23:31:00,Address 366,Processing
DONDAT1572,20:35:00,Address 208,Processing
DONDAT1573,05:16:00,Address 309,Processing
DONDAT1574,16:38:00,Address 416,Cancelled
DONDAT1575,01:59:00,Address 359,Delivered
DONDAT1576,02:43:00,Address 19,Delivered
DONDAT1577,23:47:00,Address 259,Processing
DONDAT1578,01:32:00,Address 3,Processing
DONDAT1579,09:26:00,Address 86,Delivered
DONDAT1580,11:55:00,Address 207,Cancelled
DONDAT1581,01:50:00,Address 3,Cancelled
DONDAT1582,22:49:00,Address 470,Delivered
DONDAT1583,05:30:00,Address 177,Delivered
DONDAT1584,03:37:00,Address 99,Cancelled
DONDAT1585,03:21:00,Address 356,Processing
DONDAT1586,18:35:00,Address 365,Delivered
DONDAT1587,23:46:00,Address 227,Processing
DONDAT1588,02:22:00,Address 391,Cancelled
DONDAT1589,06:40:00,Address 391,Delivered
DONDAT1590,00:31:00,Address 180,Delivered
DONDAT1591,11:55:00,Address 254,Processing
DONDAT1592,23:37:00,Address 121,Processing
DONDAT1593,07:49:00,Address 55,Processing
DONDAT1594,17:43:00,Address 483,Cancelled
DONDAT1595,04:54:00,Address 154,Cancelled
DONDAT1596,16:07:00,Address 13,Cancelled
DONDAT1597,08:32:00,Address 356,Cancelled
DONDAT1598,19:53:00,Address 285,Delivered
DONDAT1599,11:04:00,Address 447,Delivered
DONDAT1600,11:24:00,Address 1,Cancelled
DONDAT1601,05:12:00,Address 175,Cancelled
DONDAT1602,04:54:00,Address 15,Cancelled
DONDAT1603,10:01:00,Address 42,Delivered
DONDAT1604,22:16:00,Address 33,Delivered
DONDAT1605,01:06:00,Address 391,Processing
DONDAT1606,15:00:00,Address 428,Delivered
DONDAT1607,17:38:00,Address 246,Cancelled
DONDAT1608,11:41:00,Address 400,Delivered
DONDAT1609,19:44:00,Address 71,Delivered
DONDAT1610,02:03:00,Address 443,Processing
DONDAT1611,12:36:00,Address 468,Cancelled
DONDAT1612,06:39:00,Address 264,Cancelled
DONDAT1613,07:28:00,Address 46,Delivered
DONDAT1614,19:02:00,Address 399,Processing
DONDAT1615,16:09:00,Address 61,Processing
DONDAT1616,02:48:00,Address 332,Cancelled
DONDAT1617,05:32:00,Address 202,Cancelled
DONDAT1618,10:07:00,Address 26,Delivered
DONDAT1619,02:51:00,Address 442,Processing
DONDAT1620,23:42:00,Address 389,Delivered
DONDAT1621,19:23:00,Address 212,Processing
DONDAT1622,13:38:00,Address 395,Cancelled
DONDAT1623,04:14:00,Address 289,Delivered
DONDAT1624,08:08:00,Address 34,Cancelled
DONDAT1625,13:53:00,Address 158,Processing
DONDAT1626,03:04:00,Address 100,Delivered
DONDAT1627,13:38:00,Address 232,Delivered
DONDAT1628,10:20:00,Address 5,Cancelled
DONDAT1629,04:03:00,Address 484,Processing
DONDAT1630,10:50:00,Address 114,Delivered
DONDAT1631,10:22:00,Address 289,Cancelled
DONDAT1632,14:32:00,Address 255,Processing
DONDAT1633,05:01:00,Address 429,Delivered
DONDAT1634,02:42:00,Address 401,Delivered
DONDAT1635,04:07:00,Address 492,Cancelled
DONDAT1636,04:05:00,Address 253,Processing
DONDAT1637,04:59:00,Address 172,Delivered
DONDAT1638,11:04:00,Address 22,Processing
DONDAT1639,05:11:00,Address 32,Processing
DONDAT1640,23:47:00,Address 242,Delivered
DONDAT1641,03:26:00,Address 211,Processing
DONDAT1642,20:58:00,Address 85,Processing
DONDAT1643,22:15:00,Address 329,Delivered
DONDAT1644,20:27:00,Address 285,Processing
DONDAT1645,17:56:00,Address 96,Delivered
DONDAT1646,00:30:00,Address 20,Delivered
DONDAT1647,03:37:00,Address 390,Processing
DONDAT1648,23:23:00,Address 25,Processing
DONDAT1649,01:07:00,Address 422,Cancelled
DONDAT1650,11:51:00,Address 325,Delivered
DONDAT1651,16:35:00,Address 442,Processing
DONDAT1652,18:12:00,Address 356,Delivered
DONDAT1653,07:19:00,Address 365,Processing
DONDAT1654,19:04:00,Address 220,Delivered
DONDAT1655,06:52:00,Address 440,Processing
DONDAT1656,07:39:00,Address 124,Cancelled
DONDAT1657,19:43:00,Address 121,Processing
DONDAT1658,22:02:00,Address 262,Delivered
DONDAT1659,23:20:00,Address 379,Cancelled
DONDAT1660,18:44:00,Address 324,Delivered
DONDAT1661,08:09:00,Address 27,Processing
DONDAT1662,16:24:00,Address 112,Delivered
DONDAT1663,20:23:00,Address 396,Processing
DONDAT1664,23:55:00,Address 366,Delivered
DONDAT1665,13:09:00,Address 335,Delivered
DONDAT1666,15:58:00,Address 413,Cancelled
DONDAT1667,21:51:00,Address 125,Cancelled
DONDAT1668,15:55:00,Address 152,Delivered
DONDAT1669,20:53:00,Address 149,Processing
DONDAT1670,14:24:00,Address 149,Delivered
DONDAT1671,23:54:00,Address 252,Cancelled
DONDAT1672,19:11:00,Address 412,Cancelled
DONDAT1673,03:31:00,Address 189,Delivered
DONDAT1674,19:43:00,Address 378,Delivered
DONDAT1675,06:25:00,Address 430,Delivered
DONDAT1676,18:51:00,Address 22,Processing
DONDAT1677,08:15:00,Address 117,Cancelled
DONDAT1678,16:23:00,Address 90,Processing
DONDAT1679,11:45:00,Address 366,Delivered
DONDAT1680,07:31:00,Address 174,Processing
DONDAT1681,06:31:00,Address 99,Cancelled
DONDAT1682,21:25:00,Address 178,Cancelled
DONDAT1683,19:53:00,Address 166,Delivered
DONDAT1684,15:22:00,Address 227,Cancelled
DONDAT1685,06:33:00,Address 76,Cancelled
DONDAT1686,17:56:00,Address 382,Delivered
DONDAT1687,18:27:00,Address 300,Cancelled
DONDAT1688,12:17:00,Address 335,Delivered
DONDAT1689,05:15:00,Address 436,Cancelled
DONDAT1690,01:22:00,Address 451,Cancelled
DONDAT1691,20:46:00,Address 13,Delivered
DONDAT1692,04:23:00,Address 214,Processing
DONDAT1693,19:36:00,Address 71,Processing
DONDAT1694,20:18:00,Address 434,Delivered
DONDAT1695,03:15:00,Address 121,Delivered
DONDAT1696,21:02:00,Address 388,Delivered
DONDAT1697,00:25:00,Address 159,Processing
DONDAT1698,16:40:00,Address 368,Delivered
DONDAT1699,09:33:00,Address 239,Processing
DONDAT1700,11:33:00,Address 300,Delivered
DONDAT1701,21:13:00,Address 154,Processing
DONDAT1702,03:37:00,Address 135,Delivered
DONDAT1703,00:15:00,Address 219,Processing
DONDAT1704,19:58:00,Address 32,Cancelled
DONDAT1705,14:09:00,Address 190,Cancelled
DONDAT1706,18:46:00,Address 132,Processing
DONDAT1707,12:09:00,Address 315,Cancelled
DONDAT1708,02:27:00,Address 377,Processing
DONDAT1709,19:41:00,Address 263,Cancelled
DONDAT1710,00:15:00,Address 328,Delivered
DONDAT1711,02:33:00,Address 496,Processing
DONDAT1712,17:54:00,Address 263,Processing
DONDAT1713,13:51:00,Address 180,Processing
DONDAT1714,19:32:00,Address 307,Cancelled
DONDAT1715,18:00:00,Address 353,Delivered
DONDAT1716,09:25:00,Address 95,Cancelled
DONDAT1717,22:58:00,Address 457,Delivered
DONDAT1718,05:01:00,Address 247,Cancelled
DONDAT1719,07:50:00,Address 329,Processing
DONDAT1720,01:40:00,Address 192,Processing
DONDAT1721,20:17:00,Address 216,Cancelled
DONDAT1722,10:23:00,Address 416,Processing
DONDAT1723,07:40:00,Address 279,Processing
DONDAT1724,23:54:00,Address 199,Cancelled
DONDAT1725,16:47:00,Address 336,Processing
DONDAT1726,17:40:00,Address 9,Cancelled
DONDAT1727,21:43:00,Address 396,Delivered
DONDAT1728,05:03:00,Address 202,Processing
DONDAT1729,16:07:00,Address 424,Delivered
DONDAT1730,14:47:00,Address 339,Cancelled
DONDAT1731,22:39:00,Address 187,Delivered
DONDAT1732,04:10:00,Address 370,Processing
DONDAT1733,18:51:00,Address 50,Cancelled
DONDAT1734,00:41:00,Address 315,Cancelled
DONDAT1735,23:10:00,Address 143,Delivered
DONDAT1736,17:06:00,Address 490,Cancelled
DONDAT1737,05:36:00,Address 391,Processing
DONDAT1738,18:56:00,Address 413,Cancelled
DONDAT1739,08:37:00,Address 19,Delivered
DONDAT1740,07:42:00,Address 367,Processing
DONDAT1741,15:39:00,Address 173,Processing
DONDAT1742,14:38:00,Address 205,Delivered
DONDAT1743,12:30:00,Address 488,Cancelled
DONDAT1744,04:16:00,Address 281,Cancelled
DONDAT1745,20:06:00,Address 172,Cancelled
DONDAT1746,22:45:00,Address 320,Processing
DONDAT1747,05:15:00,Address 268,Processing
DONDAT1748,04:33:00,Address 375,Cancelled
DONDAT1749,03:09:00,Address 169,Delivered
DONDAT1750,17:32:00,Address 116,Processing
DONDAT1751,07:59:00,Address 85,Delivered
DONDAT1752,11:37:00,Address 139,Processing
DONDAT1753,14:38:00,Address 411,Processing
DONDAT1754,21:15:00,Address 434,Delivered
DONDAT1755,21:45:00,Address 206,Delivered
DONDAT1756,07:22:00,Address 9,Processing
DONDAT1757,03:31:00,Address 333,Processing
DONDAT1758,20:31:00,Address 359,Cancelled
DONDAT1759,09:36:00,Address 393,Processing
DONDAT1760,07:19:00,Address 182,Processing
DONDAT1761,16:25:00,Address 106,Delivered
DONDAT1762,19:07:00,Address 481,Delivered
DONDAT1763,00:57:00,Address 192,Processing
DONDAT1764,01:50:00,Address 209,Cancelled
DONDAT1765,05:18:00,Address 352,Cancelled
DONDAT1766,00:37:00,Address 18,Processing
DONDAT1767,05:50:00,Address 312,Processing
DONDAT1768,09:29:00,Address 365,Cancelled
DONDAT1769,14:44:00,Address 154,Delivered
DONDAT1770,15:14:00,Address 125,Processing
DONDAT1771,20:04:00,Address 256,Delivered
DONDAT1772,00:00:00,Address 448,Delivered
DONDAT1773,17:54:00,Address 300,Processing
DONDAT1774,09:14:00,Address 14,Cancelled
DONDAT1775,11:05:00,Address 195,Processing
DONDAT1776,10:15:00,Address 71,Cancelled
DONDAT1777,13:39:00,Address 87,Cancelled
DONDAT1778,20:06:00,Address 257,Delivered
DONDAT1779,19:47:00,Address 84,Processing
DONDAT1780,14:13:00,Address 92,Cancelled
DONDAT1781,19:29:00,Address 154,Processing
DONDAT1782,23:54:00,Address 369,Processing
DONDAT1783,12:02:00,Address 292,Cancelled
DONDAT1784,18:17:00,Address 162,Processing
DONDAT1785,04:04:00,Address 172,Delivered
DONDAT1786,19:43:00,Address 67,Processing
DONDAT1787,07:04:00,Address 328,Delivered
DONDAT1788,07:52:00,Address 275,Processing
DONDAT1789,21:01:00,Address 369,Cancelled
DONDAT1790,11:37:00,Address 131,Cancelled
DONDAT1791,04:20:00,Address 204,Cancelled
DONDAT1792,21:15:00,Address 246,Delivered
DONDAT1793,10:46:00,Address 48,Delivered
DONDAT1794,10:38:00,Address 32,Delivered
DONDAT1795,16:24:00,Address 167,Cancelled
DONDAT1796,08:57:00,Address 389,Cancelled
DONDAT1797,19:49:00,Address 104,Cancelled
DONDAT1798,06:50:00,Address 124,Delivered
DONDAT1799,11:13:00,Address 432,Cancelled
DONDAT1800,00:15:00,Address 358,Delivered
DONDAT1801,08:01:00,Address 324,Processing
DONDAT1802,02:44:00,Address 276,Processing
DONDAT1803,17:03:00,Address 239,Delivered
DONDAT1804,23:48:00,Address 394,Delivered
DONDAT1805,08:11:00,Address 128,Cancelled
DONDAT1806,20:50:00,Address 214,Cancelled
DONDAT1807,02:00:00,Address 68,Cancelled
DONDAT1808,04:42:00,Address 187,Cancelled
DONDAT1809,00:18:00,Address 383,Delivered
DONDAT1810,18:55:00,Address 337,Delivered
DONDAT1811,23:16:00,Address 250,Delivered
DONDAT1812,01:50:00,Address 403,Delivered
DONDAT1813,05:57:00,Address 493,Delivered
DONDAT1814,19:40:00,Address 167,Cancelled
DONDAT1815,22:45:00,Address 421,Processing
DONDAT1816,13:57:00,Address 35,Delivered
DONDAT1817,12:25:00,Address 152,Processing
DONDAT1818,22:43:00,Address 3,Cancelled
DONDAT1819,08:13:00,Address 182,Delivered
DONDAT1820,21:25:00,Address 265,Processing
DONDAT1821,06:26:00,Address 50,Processing
DONDAT1822,01:32:00,Address 453,Cancelled
DONDAT1823,19:44:00,Address 42,Processing
DONDAT1824,13:29:00,Address 350,Cancelled
DONDAT1825,10:32:00,Address 271,Cancelled
DONDAT1826,06:02:00,Address 105,Cancelled
DONDAT1827,01:43:00,Address 359,Delivered
DONDAT1828,23:12:00,Address 281,Processing
DONDAT1829,06:48:00,Address 295,Processing
DONDAT1830,19:44:00,Address 479,Processing
DONDAT1831,14:53:00,Address 221,Cancelled
DONDAT1832,07:39:00,Address 370,Processing
DONDAT1833,23:21:00,Address 47,Cancelled
DONDAT1834,20:16:00,Address 47,Processing
DONDAT1835,08:34:00,Address 115,Cancelled
DONDAT1836,05:25:00,Address 176,Cancelled
DONDAT1837,06:26:00,Address 319,Cancelled
DONDAT1838,13:46:00,Address 54,Delivered
DONDAT1839,19:03:00,Address 235,Delivered
DONDAT1840,01:20:00,Address 67,Cancelled
DONDAT1841,16:22:00,Address 258,Delivered
DONDAT1842,10:30:00,Address 67,Delivered
DONDAT1843,00:16:00,Address 282,Processing
DONDAT1844,11:34:00,Address 169,Processing
DONDAT1845,16:11:00,Address 262,Cancelled
DONDAT1846,19:46:00,Address 190,Cancelled
DONDAT1847,13:47:00,Address 176,Processing
DONDAT1848,22:16:00,Address 234,Delivered
DONDAT1849,08:34:00,Address 203,Delivered
DONDAT1850,12:05:00,Address 110,Cancelled
DONDAT1851,01:08:00,Address 406,Delivered
DONDAT1852,07:02:00,Address 257,Processing
DONDAT1853,01:39:00,Address 130,Cancelled
DONDAT1854,22:57:00,Address 309,Delivered
DONDAT1855,05:00:00,Address 290,Delivered
DONDAT1856,05:44:00,Address 3,Processing
DONDAT1857,17:22:00,Address 296,Delivered
DONDAT1858,08:06:00,Address 1,Processing
DONDAT1859,16:19:00,Address 136,Delivered
DONDAT1860,22:05:00,Address 228,Processing
DONDAT1861,03:44:00,Address 308,Cancelled
DONDAT1862,17:19:00,Address 352,Processing
DONDAT1863,10:48:00,Address 425,Processing
DONDAT1864,14:07:00,Address 469,Processing
DONDAT1865,05:42:00,Address 92,Delivered
DONDAT1866,00:58:00,Address 273,Delivered
DONDAT1867,19:34:00,Address 62,Cancelled
DONDAT1868,21:15:00,Address 270,Cancelled
DONDAT1869,21:44:00,Address 72,Delivered
DONDAT1870,18:01:00,Address 114,Delivered
DONDAT1871,05:10:00,Address 261,Delivered
DONDAT1872,04:55:00,Address 193,Cancelled
DONDAT1873,09:23:00,Address 83,Cancelled
DONDAT1874,13:41:00,Address 257,Delivered
DONDAT1875,03:19:00,Address 200,Delivered
DONDAT1876,01:57:00,Address 178,Processing
DONDAT1877,05:48:00,Address 325,Delivered
DONDAT1878,16:47:00,Address 104,Delivered
DONDAT1879,14:55:00,Address 75,Delivered
DONDAT1880,17:02:00,Address 183,Cancelled
DONDAT1881,20:19:00,Address 230,Processing
DONDAT1882,01:48:00,Address 183,Cancelled
DONDAT1883,03:59:00,Address 489,Processing
DONDAT1884,16:43:00,Address 177,Delivered
DONDAT1885,17:56:00,Address 101,Processing
DONDAT1886,03:36:00,Address 442,Cancelled
DONDAT1887,12:14:00,Address 133,Cancelled
DONDAT1888,23:05:00,Address 261,Cancelled
DONDAT1889,22:42:00,Address 229,Processing
DONDAT1890,10:08:00,Address 485,Processing
DONDAT1891,21:09:00,Address 411,Cancelled
DONDAT1892,12:39:00,Address 108,Delivered
DONDAT1893,21:07:00,Address 211,Cancelled
DONDAT1894,01:41:00,Address 490,Delivered
DONDAT1895,00:32:00,Address 43,Processing
DONDAT1896,19:01:00,Address 4,Processing
DONDAT1897,18:28:00,Address 439,Processing
DONDAT1898,03:55:00,Address 345,Delivered
DONDAT1899,07:46:00,Address 418,Delivered
DONDAT1900,07:02:00,Address 303,Delivered
DONDAT1901,08:42:00,Address 72,Cancelled
DONDAT1902,17:27:00,Address 400,Cancelled
DONDAT1903,08:41:00,Address 145,Delivered
DONDAT1904,07:19:00,Address 24,Cancelled
DONDAT1905,20:24:00,Address 325,Processing
DONDAT1906,12:01:00,Address 19,Cancelled
DONDAT1907,08:10:00,Address 386,Cancelled
DONDAT1908,22:02:00,Address 416,Processing
DONDAT1909,07:32:00,Address 493,Processing
DONDAT1910,18:42:00,Address 105,Delivered
DONDAT1911,11:58:00,Address 221,Cancelled
DONDAT1912,20:54:00,Address 161,Processing
DONDAT1913,04:12:00,Address 37,Cancelled
DONDAT1914,13:52:00,Address 158,Cancelled
DONDAT1915,03:25:00,Address 188,Delivered
DONDAT1916,14:53:00,Address 440,Delivered
DONDAT1917,14:51:00,Address 219,Processing
DONDAT1918,02:35:00,Address 129,Delivered
DONDAT1919,17:58:00,Address 205,Delivered
DONDAT1920,07:19:00,Address 151,Processing
DONDAT1921,01:12:00,Address 63,Processing
DONDAT1922,22:49:00,Address 399,Processing
DONDAT1923,11:34:00,Address 248,Delivered
DONDAT1924,00:05:00,Address 108,Delivered
DONDAT1925,13:41:00,Address 109,Processing
DONDAT1926,16:39:00,Address 240,Delivered
DONDAT1927,05:52:00,Address 244,Processing
DONDAT1928,23:31:00,Address 93,Cancelled
DONDAT1929,13:11:00,Address 325,Processing
DONDAT1930,15:56:00,Address 123,Cancelled
DONDAT1931,04:41:00,Address 396,Cancelled
DONDAT1932,22:56:00,Address 364,Cancelled
DONDAT1933,07:25:00,Address 460,Cancelled
DONDAT1934,00:47:00,Address 282,Cancelled
DONDAT1935,07:57:00,Address 383,Cancelled
DONDAT1936,16:33:00,Address 301,Processing
DONDAT1937,19:53:00,Address 427,Delivered
DONDAT1938,09:35:00,Address 88,Processing
DONDAT1939,14:48:00,Address 311,Cancelled
DONDAT1940,17:24:00,Address 362,Processing
DONDAT1941,00:38:00,Address 296,Processing
DONDAT1942,15:45:00,Address 219,Delivered
DONDAT1943,13:27:00,Address 81,Cancelled
DONDAT1944,07:45:00,Address 318,Cancelled
DONDAT1945,04:10:00,Address 255,Delivered
DONDAT1946,23:16:00,Address 197,Cancelled
DONDAT1947,19:30:00,Address 416,Processing
DONDAT1948,18:57:00,Address 167,Cancelled
DONDAT1949,00:44:00,Address 236,Processing
DONDAT1950,19:23:00,Address 428,Processing
DONDAT1951,01:49:00,Address 328,Delivered
DONDAT1952,07:54:00,Address 261,Delivered
DONDAT1953,03:51:00,Address 28,Delivered
DONDAT1954,03:05:00,Address 389,Processing
DONDAT1955,14:02:00,Address 405,Delivered
DONDAT1956,18:17:00,Address 18,Cancelled
DONDAT1957,18:40:00,Address 435,Delivered
DONDAT1958,05:03:00,Address 273,Delivered
DONDAT1959,01:20:00,Address 466,Cancelled
DONDAT1960,19:49:00,Address 344,Cancelled
DONDAT1961,20:49:00,Address 463,Processing
DONDAT1962,06:34:00,Address 328,Processing
DONDAT1963,11:57:00,Address 23,Processing
DONDAT1964,09:03:00,Address 495,Delivered
DONDAT1965,23:58:00,Address 267,Cancelled
DONDAT1966,08:52:00,Address 473,Processing
DONDAT1967,09:17:00,Address 241,Cancelled
DONDAT1968,12:03:00,Address 442,Delivered
DONDAT1969,18:04:00,Address 159,Cancelled
DONDAT1970,12:01:00,Address 246,Cancelled
DONDAT1971,20:53:00,Address 228,Cancelled
DONDAT1972,23:34:00,Address 138,Processing
DONDAT1973,22:53:00,Address 322,Cancelled
DONDAT1974,23:45:00,Address 129,Cancelled
DONDAT1975,21:34:00,Address 296,Cancelled
DONDAT1976,11:51:00,Address 200,Cancelled
DONDAT1977,12:54:00,Address 329,Processing
DONDAT1978,04:02:00,Address 457,Processing
DONDAT1979,14:53:00,Address 84,Processing
DONDAT1980,11:39:00,Address 138,Delivered
DONDAT1981,21:12:00,Address 416,Delivered
DONDAT1982,03:56:00,Address 350,Cancelled
DONDAT1983,03:04:00,Address 475,Processing
DONDAT1984,07:42:00,Address 66,Delivered
DONDAT1985,01:17:00,Address 341,Delivered
DONDAT1986,23:56:00,Address 450,Processing
DONDAT1987,18:38:00,Address 67,Processing
DONDAT1988,19:22:00,Address 360,Processing
DONDAT1989,16:28:00,Address 75,Cancelled
DONDAT1990,19:05:00,Address 357,Cancelled
DONDAT1991,19:58:00,Address 321,Processing
DONDAT1992,09:49:00,Address 156,Delivered
DONDAT1993,17:15:00,Address 275,Processing
DONDAT1994,01:38:00,Address 474,Delivered
DONDAT1995,23:50:00,Address 79,Delivered
DONDAT1996,04:01:00,Address 386,Cancelled
DONDAT1997,05:30:00,Address 96,Delivered
DONDAT1998,10:45:00,Address 27,Processing
DONDAT1999,02:50:00,Address 218,Delivered
DONDAT2000,04:24:00,Address 313,Cancelled
DONDAT2001,15:58:00,Address 24,Delivered
DONDAT2002,03:57:00,Address 419,Cancelled
DONDAT2003,08:59:00,Address 309,Cancelled
DONDAT2004,19:02:00,Address 469,Processing
DONDAT2005,10:45:00,Address 31,Processing
DONDAT2006,00:51:00,Address 451,Delivered
DONDAT2007,20:21:00,Address 360,Cancelled
DONDAT2008,09:38:00,Address 470,Processing
DONDAT2009,17:35:00,Address 448,Processing
DONDAT2010,00:43:00,Address 329,Delivered
DONDAT2011,10:56:00,Address 306,Cancelled
DONDAT2012,08:21:00,Address 227,Cancelled
DONDAT2013,09:30:00,Address 45,Cancelled
DONDAT2014,05:43:00,Address 70,Processing
DONDAT2015,08:20:00,Address 46,Processing
DONDAT2016,13:13:00,Address 432,Cancelled
DONDAT2017,21:42:00,Address 405,Processing
DONDAT2018,18:25:00,Address 312,Processing
DONDAT2019,08:38:00,Address 9,Delivered
DONDAT2020,05:18:00,Address 407,Delivered
DONDAT2021,08:11:00,Address 255,Cancelled
DONDAT2022,23:30:00,Address 311,Processing
DONDAT2023,07:12:00,Address 243,Delivered
DONDAT2024,03:22:00,Address 467,Processing
DONDAT2025,12:57:00,Address 208,Processing
DONDAT2026,09:22:00,Address 166,Delivered
DONDAT2027,13:23:00,Address 259,Processing
DONDAT2028,18:28:00,Address 107,Processing
DONDAT2029,00:22:00,Address 58,Delivered
DONDAT2030,20:39:00,Address 287,Cancelled
DONDAT2031,17:22:00,Address 3,Cancelled
DONDAT2032,23:38:00,Address 218,Delivered
DONDAT2033,02:17:00,Address 438,Delivered
DONDAT2034,07:50:00,Address 129,Cancelled
DONDAT2035,12:39:00,Address 170,Processing
DONDAT2036,10:51:00,Address 47,Cancelled
DONDAT2037,06:17:00,Address 298,Cancelled
DONDAT2038,10:50:00,Address 258,Processing
DONDAT2039,06:46:00,Address 288,Delivered
DONDAT2040,00:36:00,Address 284,Cancelled
DONDAT2041,03:51:00,Address 336,Cancelled
DONDAT2042,19:18:00,Address 495,Delivered
DONDAT2043,06:31:00,Address 418,Processing
DONDAT2044,14:20:00,Address 62,Delivered
DONDAT2045,17:22:00,Address 112,Cancelled
DONDAT2046,22:40:00,Address 123,Processing
DONDAT2047,15:21:00,Address 249,Processing
DONDAT2048,02:32:00,Address 72,Delivered
DONDAT2049,01:53:00,Address 336,Delivered
DONDAT2050,00:25:00,Address 415,Cancelled
DONDAT2051,14:17:00,Address 91,Delivered
DONDAT2052,15:25:00,Address 329,Processing
DONDAT2053,05:03:00,Address 390,Processing
DONDAT2054,09:19:00,Address 385,Cancelled
DONDAT2055,00:37:00,Address 245,Cancelled
DONDAT2056,08:19:00,Address 366,Cancelled
DONDAT2057,10:43:00,Address 143,Delivered
DONDAT2058,09:10:00,Address 38,Delivered
DONDAT2059,17:38:00,Address 301,Cancelled
DONDAT2060,16:46:00,Address 235,Delivered
DONDAT2061,09:22:00,Address 218,Processing
DONDAT2062,18:33:00,Address 229,Delivered
DONDAT2063,04:37:00,Address 315,Delivered
DONDAT2064,14:26:00,Address 25,Cancelled
DONDAT2065,03:55:00,Address 117,Processing
DONDAT2066,02:30:00,Address 123,Processing
DONDAT2067,15:39:00,Address 12,Cancelled
DONDAT2068,06:49:00,Address 264,Delivered
DONDAT2069,11:26:00,Address 425,Cancelled
DONDAT2070,18:46:00,Address 436,Cancelled
DONDAT2071,22:02:00,Address 484,Delivered
DONDAT2072,09:03:00,Address 101,Processing
DONDAT2073,19:55:00,Address 162,Delivered
DONDAT2074,02:40:00,Address 356,Cancelled
DONDAT2075,08:45:00,Address 36,Delivered
DONDAT2076,05:13:00,Address 213,Processing
DONDAT2077,23:21:00,Address 300,Cancelled
DONDAT2078,02:10:00,Address 285,Delivered
DONDAT2079,20:56:00,Address 218,Processing
DONDAT2080,09:05:00,Address 76,Cancelled
DONDAT2081,18:27:00,Address 308,Cancelled
DONDAT2082,11:41:00,Address 57,Delivered
DONDAT2083,08:58:00,Address 371,Cancelled
DONDAT2084,01:52:00,Address 154,Cancelled
DONDAT2085,02:47:00,Address 152,Cancelled
DONDAT2086,21:17:00,Address 52,Cancelled
DONDAT2087,21:51:00,Address 446,Processing
DONDAT2088,22:51:00,Address 281,Processing
DONDAT2089,04:04:00,Address 139,Processing
DONDAT2090,03:12:00,Address 299,Delivered
DONDAT2091,20:16:00,Address 492,Processing
DONDAT2092,09:52:00,Address 188,Cancelled
DONDAT2093,23:08:00,Address 263,Processing
DONDAT2094,02:47:00,Address 91,Delivered
DONDAT2095,20:43:00,Address 317,Delivered
DONDAT2096,10:09:00,Address 352,Processing
DONDAT2097,23:35:00,Address 24,Cancelled
DONDAT2098,12:23:00,Address 58,Processing
DONDAT2099,04:56:00,Address 131,Processing
DONDAT2100,07:08:00,Address 293,Delivered
DONDAT2101,18:30:00,Address 365,Delivered
DONDAT2102,19:32:00,Address 479,Cancelled
DONDAT2103,10:40:00,Address 268,Delivered
DONDAT2104,04:58:00,Address 500,Processing
DONDAT2105,02:16:00,Address 191,Delivered
DONDAT2106,20:59:00,Address 218,Processing
DONDAT2107,10:25:00,Address 305,Cancelled
DONDAT2108,20:30:00,Address 201,Processing
DONDAT2109,09:55:00,Address 377,Cancelled
DONDAT2110,16:36:00,Address 494,Processing
DONDAT2111,10:22:00,Address 192,Processing
DONDAT2112,07:45:00,Address 208,Delivered
DONDAT2113,06:35:00,Address 140,Delivered
DONDAT2114,15:25:00,Address 344,Cancelled
DONDAT2115,00:44:00,Address 173,Delivered
DONDAT2116,09:43:00,Address 301,Cancelled
DONDAT2117,05:40:00,Address 22,Delivered
DONDAT2118,11:03:00,Address 491,Processing
DONDAT2119,07:26:00,Address 415,Cancelled
DONDAT2120,01:07:00,Address 478,Processing
DONDAT2121,01:19:00,Address 462,Processing
DONDAT2122,12:27:00,Address 476,Cancelled
DONDAT2123,15:45:00,Address 264,Cancelled
DONDAT2124,02:07:00,Address 82,Processing
DONDAT2125,04:43:00,Address 126,Delivered
DONDAT2126,17:49:00,Address 264,Cancelled
DONDAT2127,03:16:00,Address 53,Cancelled
DONDAT2128,13:04:00,Address 104,Cancelled
DONDAT2129,14:02:00,Address 26,Delivered
DONDAT2130,03:40:00,Address 171,Processing
DONDAT2131,06:41:00,Address 280,Cancelled
DONDAT2132,16:50:00,Address 175,Processing
DONDAT2133,10:54:00,Address 319,Delivered
DONDAT2134,09:21:00,Address 60,Cancelled
DONDAT2135,06:00:00,Address 268,Cancelled
DONDAT2136,05:16:00,Address 208,Delivered
DONDAT2137,21:57:00,Address 188,Processing
DONDAT2138,04:52:00,Address 214,Processing
DONDAT2139,02:07:00,Address 96,Processing
DONDAT2140,12:37:00,Address 187,Processing
DONDAT2141,03:20:00,Address 332,Cancelled
DONDAT2142,14:19:00,Address 16,Delivered
DONDAT2143,21:05:00,Address 66,Processing
DONDAT2144,15:31:00,Address 317,Delivered
DONDAT2145,15:00:00,Address 141,Cancelled
DONDAT2146,12:31:00,Address 85,Processing
DONDAT2147,14:47:00,Address 40,Delivered
DONDAT2148,06:14:00,Address 107,Delivered
DONDAT2149,10:30:00,Address 381,Processing
DONDAT2150,07:56:00,Address 355,Delivered
DONDAT2151,03:15:00,Address 383,Processing
DONDAT2152,03:50:00,Address 281,Delivered
DONDAT2153,17:02:00,Address 206,Delivered
DONDAT2154,01:06:00,Address 433,Cancelled
DONDAT2155,03:56:00,Address 210,Delivered
DONDAT2156,20:26:00,Address 46,Delivered
DONDAT2157,00:18:00,Address 52,Cancelled
DONDAT2158,19:57:00,Address 110,Cancelled
DONDAT2159,19:54:00,Address 212,Processing
DONDAT2160,06:53:00,Address 352,Delivered
DONDAT2161,05:38:00,Address 36,Cancelled
DONDAT2162,18:50:00,Address 461,Cancelled
DONDAT2163,17:10:00,Address 5,Delivered
DONDAT2164,17:06:00,Address 454,Cancelled
DONDAT2165,19:27:00,Address 11,Cancelled
DONDAT2166,06:46:00,Address 201,Cancelled
DONDAT2167,05:06:00,Address 248,Processing
DONDAT2168,00:13:00,Address 276,Delivered
DONDAT2169,02:32:00,Address 144,Processing
DONDAT2170,10:15:00,Address 430,Delivered
DONDAT2171,21:59:00,Address 299,Cancelled
DONDAT2172,06:37:00,Address 436,Delivered
DONDAT2173,16:34:00,Address 136,Processing
DONDAT2174,23:23:00,Address 246,Cancelled
DONDAT2175,08:03:00,Address 498,Cancelled
DONDAT2176,02:54:00,Address 216,Processing
DONDAT2177,10:57:00,Address 193,Processing
DONDAT2178,22:21:00,Address 330,Cancelled
DONDAT2179,06:46:00,Address 170,Processing
DONDAT2180,13:52:00,Address 260,Delivered
DONDAT2181,12:41:00,Address 183,Cancelled
DONDAT2182,11:37:00,Address 445,Delivered
DONDAT2183,22:05:00,Address 60,Processing
DONDAT2184,00:26:00,Address 349,Cancelled
DONDAT2185,08:24:00,Address 115,Cancelled
DONDAT2186,20:48:00,Address 466,Cancelled
DONDAT2187,12:22:00,Address 168,Cancelled
DONDAT2188,20:47:00,Address 275,Delivered
DONDAT2189,23:25:00,Address 441,Cancelled
DONDAT2190,14:46:00,Address 172,Delivered
DONDAT2191,18:01:00,Address 241,Delivered
DONDAT2192,13:42:00,Address 495,Delivered
DONDAT2193,13:09:00,Address 424,Processing
DONDAT2194,02:31:00,Address 57,Processing
DONDAT2195,06:09:00,Address 272,Delivered
DONDAT2196,07:21:00,Address 178,Delivered
DONDAT2197,05:55:00,Address 13,Processing
DONDAT2198,00:19:00,Address 486,Cancelled
DONDAT2199,08:39:00,Address 186,Cancelled
DONDAT2200,05:01:00,Address 256,Cancelled
DONDAT2201,19:48:00,Address 347,Cancelled
DONDAT2202,23:13:00,Address 67,Cancelled
DONDAT2203,08:21:00,Address 293,Cancelled
DONDAT2204,13:29:00,Address 159,Processing
DONDAT2205,15:58:00,Address 341,Delivered
DONDAT2206,06:51:00,Address 486,Cancelled
DONDAT2207,10:31:00,Address 199,Delivered
DONDAT2208,22:32:00,Address 414,Delivered
DONDAT2209,09:33:00,Address 487,Processing
DONDAT2210,03:26:00,Address 219,Cancelled
DONDAT2211,23:37:00,Address 82,Processing
DONDAT2212,03:25:00,Address 259,Processing
DONDAT2213,13:23:00,Address 152,Delivered
DONDAT2214,15:49:00,Address 124,Processing
DONDAT2215,17:18:00,Address 210,Processing
DONDAT2216,08:18:00,Address 333,Delivered
DONDAT2217,04:11:00,Address 144,Cancelled
DONDAT2218,08:16:00,Address 110,Processing
DONDAT2219,11:17:00,Address 278,Cancelled
DONDAT2220,03:04:00,Address 70,Cancelled
DONDAT2221,22:39:00,Address 86,Cancelled
DONDAT2222,08:17:00,Address 404,Delivered
DONDAT2223,07:39:00,Address 324,Cancelled
DONDAT2224,17:55:00,Address 313,Cancelled
DONDAT2225,20:14:00,Address 117,Cancelled
DONDAT2226,22:23:00,Address 342,Delivered
DONDAT2227,08:43:00,Address 165,Processing
DONDAT2228,16:58:00,Address 437,Delivered
DONDAT2229,03:07:00,Address 50,Delivered
DONDAT2230,22:57:00,Address 229,Cancelled
DONDAT2231,15:52:00,Address 125,Processing
DONDAT2232,14:21:00,Address 286,Delivered
DONDAT2233,22:01:00,Address 392,Cancelled
DONDAT2234,12:19:00,Address 29,Delivered
DONDAT2235,03:58:00,Address 109,Delivered
DONDAT2236,21:52:00,Address 296,Processing
DONDAT2237,22:00:00,Address 312,Processing
DONDAT2238,23:34:00,Address 309,Processing
DONDAT2239,21:10:00,Address 458,Delivered
DONDAT2240,05:32:00,Address 278,Cancelled
DONDAT2241,05:11:00,Address 213,Delivered
DONDAT2242,10:23:00,Address 40,Processing
DONDAT2243,10:19:00,Address 287,Cancelled
DONDAT2244,22:54:00,Address 306,Processing
DONDAT2245,21:53:00,Address 323,Delivered
DONDAT2246,04:22:00,Address 57,Processing
DONDAT2247,20:20:00,Address 422,Processing
DONDAT2248,03:05:00,Address 351,Cancelled
DONDAT2249,23:12:00,Address 82,Delivered
DONDAT2250,08:37:00,Address 429,Delivered
DONDAT2251,19:47:00,Address 235,Delivered
DONDAT2252,13:24:00,Address 97,Cancelled
DONDAT2253,23:32:00,Address 143,Delivered
DONDAT2254,15:40:00,Address 110,Delivered
DONDAT2255,22:37:00,Address 422,Cancelled
DONDAT2256,17:28:00,Address 343,Processing
DONDAT2257,17:26:00,Address 214,Cancelled
DONDAT2258,18:33:00,Address 494,Cancelled
DONDAT2259,04:42:00,Address 390,Delivered
DONDAT2260,16:27:00,Address 291,Processing
DONDAT2261,13:00:00,Address 376,Cancelled
DONDAT2262,13:03:00,Address 155,Processing
DONDAT2263,05:22:00,Address 207,Delivered
DONDAT2264,12:06:00,Address 255,Cancelled
DONDAT2265,09:32:00,Address 81,Processing
DONDAT2266,11:34:00,Address 44,Delivered
DONDAT2267,01:27:00,Address 283,Delivered
DONDAT2268,14:52:00,Address 216,Cancelled
DONDAT2269,05:54:00,Address 182,Cancelled
DONDAT2270,07:08:00,Address 2,Cancelled
DONDAT2271,16:02:00,Address 18,Cancelled
DONDAT2272,23:53:00,Address 138,Processing
DONDAT2273,12:42:00,Address 460,Delivered
DONDAT2274,21:12:00,Address 353,Processing
DONDAT2275,04:43:00,Address 424,Cancelled
DONDAT2276,01:40:00,Address 9,Processing
DONDAT2277,06:24:00,Address 83,Cancelled
DONDAT2278,23:36:00,Address 377,Processing
DONDAT2279,08:25:00,Address 379,Cancelled
DONDAT2280,01:47:00,Address 37,Cancelled
DONDAT2281,05:14:00,Address 267,Cancelled
DONDAT2282,22:30:00,Address 217,Delivered
DONDAT2283,13:11:00,Address 243,Processing
DONDAT2284,12:19:00,Address 457,Processing
DONDAT2285,13:21:00,Address 56,Processing
DONDAT2286,05:37:00,Address 19,Cancelled
DONDAT2287,08:52:00,Address 346,Processing
DONDAT2288,19:57:00,Address 332,Cancelled
DONDAT2289,02:41:00,Address 422,Cancelled
DONDAT2290,04:45:00,Address 361,Cancelled
DONDAT2291,12:36:00,Address 144,Cancelled
DONDAT2292,16:47:00,Address 434,Delivered
DONDAT2293,14:07:00,Address 145,Cancelled
DONDAT2294,02:08:00,Address 471,Delivered
DONDAT2295,14:51:00,Address 453,Cancelled
DONDAT2296,09:42:00,Address 380,Delivered
DONDAT2297,19:17:00,Address 127,Delivered
DONDAT2298,11:11:00,Address 495,Delivered
DONDAT2299,12:39:00,Address 82,Cancelled
DONDAT2300,03:02:00,Address 338,Delivered
DONDAT2301,21:59:00,Address 302,Cancelled
DONDAT2302,14:15:00,Address 495,Delivered
DONDAT2303,04:37:00,Address 72,Delivered
DONDAT2304,10:05:00,Address 423,Cancelled
DONDAT2305,05:38:00,Address 117,Delivered
DONDAT2306,22:21:00,Address 38,Processing
DONDAT2307,16:57:00,Address 32,Processing
DONDAT2308,11:49:00,Address 374,Cancelled
DONDAT2309,19:37:00,Address 368,Cancelled
DONDAT2310,21:16:00,Address 144,Processing
DONDAT2311,12:34:00,Address 470,Delivered
DONDAT2312,06:43:00,Address 186,Cancelled
DONDAT2313,06:31:00,Address 249,Processing
DONDAT2314,20:26:00,Address 77,Delivered
DONDAT2315,08:34:00,Address 260,Delivered
DONDAT2316,21:06:00,Address 217,Delivered
DONDAT2317,23:10:00,Address 107,Delivered
DONDAT2318,17:14:00,Address 385,Processing
DONDAT2319,09:59:00,Address 482,Delivered
DONDAT2320,23:00:00,Address 471,Delivered
DONDAT2321,04:23:00,Address 485,Delivered
DONDAT2322,19:16:00,Address 139,Delivered
DONDAT2323,01:26:00,Address 294,Cancelled
DONDAT2324,01:33:00,Address 346,Cancelled
DONDAT2325,17:18:00,Address 265,Processing
DONDAT2326,20:02:00,Address 153,Cancelled
DONDAT2327,04:05:00,Address 398,Cancelled
DONDAT2328,09:34:00,Address 234,Processing
DONDAT2329,08:59:00,Address 241,Cancelled
DONDAT2330,07:27:00,Address 471,Cancelled
DONDAT2331,17:55:00,Address 404,Cancelled
DONDAT2332,19:59:00,Address 115,Delivered
DONDAT2333,10:30:00,Address 88,Delivered
DONDAT2334,11:51:00,Address 288,Delivered
DONDAT2335,04:58:00,Address 101,Processing
DONDAT2336,07:08:00,Address 26,Cancelled
DONDAT2337,09:00:00,Address 429,Cancelled
DONDAT2338,07:11:00,Address 200,Cancelled
DONDAT2339,02:03:00,Address 459,Delivered
DONDAT2340,05:02:00,Address 156,Processing
DONDAT2341,06:36:00,Address 336,Processing
DONDAT2342,01:13:00,Address 403,Delivered
DONDAT2343,11:29:00,Address 85,Delivered
DONDAT2344,04:11:00,Address 343,Cancelled
DONDAT2345,02:16:00,Address 437,Processing
DONDAT2346,22:42:00,Address 486,Processing
DONDAT2347,00:33:00,Address 234,Cancelled
DONDAT2348,01:07:00,Address 132,Delivered
DONDAT2349,19:06:00,Address 98,Processing
DONDAT2350,11:09:00,Address 402,Cancelled
DONDAT2351,18:05:00,Address 73,Processing
DONDAT2352,21:56:00,Address 497,Delivered
DONDAT2353,12:20:00,Address 437,Delivered
DONDAT2354,22:14:00,Address 306,Processing
DONDAT2355,10:46:00,Address 73,Cancelled
DONDAT2356,22:30:00,Address 44,Delivered
DONDAT2357,10:50:00,Address 64,Delivered
DONDAT2358,04:43:00,Address 446,Cancelled
DONDAT2359,01:38:00,Address 245,Processing
DONDAT2360,07:28:00,Address 351,Delivered
DONDAT2361,11:24:00,Address 445,Cancelled
DONDAT2362,21:48:00,Address 379,Cancelled
DONDAT2363,05:15:00,Address 354,Processing
DONDAT2364,17:43:00,Address 403,Cancelled
DONDAT2365,20:47:00,Address 22,Delivered
DONDAT2366,21:20:00,Address 304,Delivered
DONDAT2367,13:29:00,Address 349,Delivered
DONDAT2368,16:05:00,Address 6,Cancelled
DONDAT2369,10:11:00,Address 1,Processing
DONDAT2370,00:09:00,Address 453,Processing
DONDAT2371,00:17:00,Address 222,Cancelled
DONDAT2372,09:20:00,Address 60,Cancelled
DONDAT2373,05:18:00,Address 344,Processing
DONDAT2374,07:39:00,Address 496,Processing
DONDAT2375,07:37:00,Address 293,Cancelled
DONDAT2376,19:00:00,Address 261,Processing
DONDAT2377,10:26:00,Address 403,Processing
DONDAT2378,12:03:00,Address 191,Cancelled
DONDAT2379,17:34:00,Address 295,Cancelled
DONDAT2380,05:20:00,Address 20,Processing
DONDAT2381,23:24:00,Address 245,Processing
DONDAT2382,13:58:00,Address 24,Cancelled
DONDAT2383,03:21:00,Address 167,Processing
DONDAT2384,11:33:00,Address 327,Delivered
DONDAT2385,12:37:00,Address 289,Processing
DONDAT2386,14:06:00,Address 55,Processing
DONDAT2387,02:53:00,Address 74,Processing
DONDAT2388,09:38:00,Address 206,Cancelled
DONDAT2389,01:59:00,Address 2,Cancelled
DONDAT2390,13:28:00,Address 127,Processing
DONDAT2391,16:59:00,Address 295,Cancelled
DONDAT2392,16:05:00,Address 29,Cancelled
DONDAT2393,15:59:00,Address 418,Processing
DONDAT2394,18:36:00,Address 492,Processing
DONDAT2395,04:45:00,Address 131,Delivered
DONDAT2396,00:36:00,Address 471,Cancelled
DONDAT2397,03:50:00,Address 291,Cancelled
DONDAT2398,03:45:00,Address 219,Cancelled
DONDAT2399,23:18:00,Address 452,Cancelled
DONDAT2400,11:48:00,Address 190,Delivered
DONDAT2401,02:38:00,Address 248,Cancelled
DONDAT2402,02:03:00,Address 429,Delivered
DONDAT2403,22:30:00,Address 113,Cancelled
DONDAT2404,11:10:00,Address 106,Cancelled
DONDAT2405,08:42:00,Address 137,Delivered
DONDAT2406,00:52:00,Address 400,Delivered
DONDAT2407,08:39:00,Address 331,Cancelled
DONDAT2408,17:06:00,Address 82,Delivered
DONDAT2409,12:47:00,Address 265,Delivered
DONDAT2410,23:38:00,Address 425,Processing
DONDAT2411,10:50:00,Address 153,Cancelled
DONDAT2412,19:20:00,Address 168,Processing
DONDAT2413,00:04:00,Address 125,Processing
DONDAT2414,11:56:00,Address 452,Delivered
DONDAT2415,02:36:00,Address 392,Processing
DONDAT2416,01:28:00,Address 172,Cancelled
DONDAT2417,11:42:00,Address 369,Cancelled
DONDAT2418,09:54:00,Address 486,Cancelled
DONDAT2419,13:17:00,Address 250,Delivered
DONDAT2420,07:41:00,Address 118,Processing
DONDAT2421,04:22:00,Address 56,Processing
DONDAT2422,01:02:00,Address 5,Cancelled
DONDAT2423,19:26:00,Address 247,Cancelled
DONDAT2424,01:39:00,Address 15,Processing
DONDAT2425,18:52:00,Address 328,Delivered
DONDAT2426,16:52:00,Address 63,Delivered
DONDAT2427,02:30:00,Address 297,Processing
DONDAT2428,05:07:00,Address 194,Processing
DONDAT2429,08:58:00,Address 476,Processing
DONDAT2430,12:48:00,Address 407,Processing
DONDAT2431,06:50:00,Address 124,Processing
DONDAT2432,18:26:00,Address 323,Delivered
DONDAT2433,23:45:00,Address 321,Cancelled
DONDAT2434,13:08:00,Address 353,Delivered
DONDAT2435,14:49:00,Address 76,Cancelled
DONDAT2436,04:32:00,Address 44,Cancelled
DONDAT2437,11:52:00,Address 322,Processing
DONDAT2438,20:40:00,Address 281,Processing
DONDAT2439,06:30:00,Address 186,Delivered
DONDAT2440,14:38:00,Address 31,Cancelled
DONDAT2441,07:21:00,Address 92,Delivered
DONDAT2442,19:48:00,Address 42,Cancelled
DONDAT2443,02:33:00,Address 384,Delivered
DONDAT2444,17:00:00,Address 454,Cancelled
DONDAT2445,22:45:00,Address 491,Processing
DONDAT2446,05:15:00,Address 134,Processing
DONDAT2447,10:36:00,Address 121,Delivered
DONDAT2448,21:40:00,Address 214,Processing
DONDAT2449,06:25:00,Address 319,Processing
DONDAT2450,15:29:00,Address 136,Processing
DONDAT2451,23:36:00,Address 490,Cancelled
DONDAT2452,01:22:00,Address 100,Delivered
DONDAT2453,06:50:00,Address 55,Processing
DONDAT2454,00:01:00,Address 232,Cancelled
DONDAT2455,08:37:00,Address 488,Processing
DONDAT2456,06:08:00,Address 381,Delivered
DONDAT2457,14:28:00,Address 39,Cancelled
DONDAT2458,17:43:00,Address 198,Processing
DONDAT2459,16:04:00,Address 205,Delivered
DONDAT2460,23:46:00,Address 157,Delivered
DONDAT2461,03:29:00,Address 386,Processing
DONDAT2462,16:58:00,Address 234,Processing
DONDAT2463,08:41:00,Address 296,Delivered
DONDAT2464,04:43:00,Address 270,Cancelled
DONDAT2465,21:59:00,Address 430,Cancelled
DONDAT2466,21:57:00,Address 402,Cancelled
DONDAT2467,17:21:00,Address 288,Processing
DONDAT2468,01:07:00,Address 494,Delivered
DONDAT2469,18:18:00,Address 27,Delivered
DONDAT2470,06:37:00,Address 205,Delivered
DONDAT2471,01:13:00,Address 374,Delivered
DONDAT2472,18:09:00,Address 128,Cancelled
DONDAT2473,09:27:00,Address 295,Processing
DONDAT2474,20:15:00,Address 209,Cancelled
DONDAT2475,22:16:00,Address 408,Cancelled
DONDAT2476,02:47:00,Address 229,Delivered
DONDAT2477,14:23:00,Address 376,Delivered
DONDAT2478,03:14:00,Address 356,Delivered
DONDAT2479,10:27:00,Address 296,Delivered
DONDAT2480,05:09:00,Address 149,Delivered
DONDAT2481,09:48:00,Address 463,Cancelled
DONDAT2482,02:14:00,Address 209,Cancelled
DONDAT2483,22:05:00,Address 298,Processing
DONDAT2484,14:53:00,Address 3,Processing
DONDAT2485,23:00:00,Address 268,Processing
DONDAT2486,14:48:00,Address 48,Processing
DONDAT2487,15:07:00,Address 352,Cancelled
DONDAT2488,08:40:00,Address 286,Processing
DONDAT2489,21:30:00,Address 349,Processing
DONDAT2490,17:06:00,Address 470,Processing
DONDAT2491,18:02:00,Address 30,Cancelled
DONDAT2492,02:22:00,Address 438,Delivered
DONDAT2493,20:07:00,Address 126,Cancelled
DONDAT2494,21:37:00,Address 17,Delivered
DONDAT2495,21:06:00,Address 220,Processing
DONDAT2496,00:33:00,Address 373,Delivered
DONDAT2497,14:54:00,Address 293,Delivered
DONDAT2498,00:52:00,Address 4,Delivered
DONDAT2499,12:11:00,Address 396,Delivered
DONDAT2500,18:38:00,Address 59,Delivered
DONDAT2501,15:40:00,Address 11,Delivered
DONDAT2502,16:47:00,Address 379,Cancelled
DONDAT2503,07:25:00,Address 310,Cancelled
DONDAT2504,16:38:00,Address 29,Delivered
DONDAT2505,19:15:00,Address 109,Processing
DONDAT2506,10:10:00,Address 249,Cancelled
DONDAT2507,10:13:00,Address 140,Delivered
DONDAT2508,01:18:00,Address 316,Delivered
DONDAT2509,02:36:00,Address 278,Cancelled
DONDAT2510,06:11:00,Address 236,Processing
DONDAT2511,10:08:00,Address 69,Processing
DONDAT2512,15:11:00,Address 2,Processing
DONDAT2513,07:59:00,Address 328,Processing
DONDAT2514,09:50:00,Address 430,Processing
DONDAT2515,05:19:00,Address 342,Delivered
DONDAT2516,10:00:00,Address 420,Processing
DONDAT2517,15:37:00,Address 271,Delivered
DONDAT2518,06:18:00,Address 302,Delivered
DONDAT2519,23:46:00,Address 89,Cancelled
DONDAT2520,07:20:00,Address 427,Processing
DONDAT2521,08:47:00,Address 29,Delivered
DONDAT2522,21:30:00,Address 396,Delivered
DONDAT2523,03:06:00,Address 497,Cancelled
DONDAT2524,12:47:00,Address 256,Delivered
DONDAT2525,13:42:00,Address 210,Cancelled
DONDAT2526,02:23:00,Address 104,Delivered
DONDAT2527,15:24:00,Address 228,Processing
DONDAT2528,03:37:00,Address 356,Processing
DONDAT2529,23:00:00,Address 31,Cancelled
DONDAT2530,22:46:00,Address 81,Cancelled
DONDAT2531,15:06:00,Address 400,Processing
DONDAT2532,00:34:00,Address 249,Processing
DONDAT2533,01:08:00,Address 203,Processing
DONDAT2534,22:51:00,Address 28,Delivered
DONDAT2535,07:46:00,Address 189,Processing
DONDAT2536,19:35:00,Address 430,Cancelled
DONDAT2537,15:51:00,Address 335,Processing
DONDAT2538,07:21:00,Address 60,Delivered
DONDAT2539,09:02:00,Address 264,Delivered
DONDAT2540,00:08:00,Address 132,Processing
DONDAT2541,20:55:00,Address 86,Delivered
DONDAT2542,06:24:00,Address 289,Delivered
DONDAT2543,12:18:00,Address 450,Cancelled
DONDAT2544,09:39:00,Address 47,Cancelled
DONDAT2545,06:26:00,Address 368,Processing
DONDAT2546,06:19:00,Address 160,Cancelled
DONDAT2547,12:12:00,Address 32,Cancelled
DONDAT2548,17:25:00,Address 316,Delivered
DONDAT2549,00:57:00,Address 163,Delivered
DONDAT2550,05:45:00,Address 143,Cancelled
DONDAT2551,02:15:00,Address 174,Processing
DONDAT2552,15:55:00,Address 494,Delivered
DONDAT2553,13:38:00,Address 208,Delivered
DONDAT2554,14:24:00,Address 492,Cancelled
DONDAT2555,03:05:00,Address 181,Processing
DONDAT2556,02:43:00,Address 290,Processing
DONDAT2557,00:11:00,Address 269,Processing
DONDAT2558,21:17:00,Address 325,Cancelled
DONDAT2559,05:22:00,Address 197,Processing
DONDAT2560,09:16:00,Address 498,Delivered
DONDAT2561,18:10:00,Address 99,Cancelled
DONDAT2562,23:01:00,Address 402,Cancelled
DONDAT2563,04:28:00,Address 104,Cancelled
DONDAT2564,22:55:00,Address 113,Delivered
DONDAT2565,19:50:00,Address 234,Delivered
DONDAT2566,18:36:00,Address 300,Delivered
DONDAT2567,21:58:00,Address 457,Cancelled
DONDAT2568,04:48:00,Address 267,Delivered
DONDAT2569,00:58:00,Address 262,Delivered
DONDAT2570,11:38:00,Address 402,Processing
DONDAT2571,02:31:00,Address 422,Cancelled
DONDAT2572,23:20:00,Address 105,Cancelled
DONDAT2573,18:56:00,Address 415,Cancelled
DONDAT2574,02:11:00,Address 490,Delivered
DONDAT2575,02:25:00,Address 220,Cancelled
DONDAT2576,07:41:00,Address 97,Cancelled
DONDAT2577,16:38:00,Address 36,Delivered
DONDAT2578,17:32:00,Address 430,Cancelled
DONDAT2579,05:41:00,Address 371,Delivered
DONDAT2580,06:59:00,Address 450,Delivered
DONDAT2581,01:27:00,Address 266,Delivered
DONDAT2582,04:41:00,Address 117,Processing
DONDAT2583,01:44:00,Address 172,Delivered
DONDAT2584,08:30:00,Address 488,Delivered
DONDAT2585,01:05:00,Address 158,Cancelled
DONDAT2586,08:56:00,Address 252,Cancelled
DONDAT2587,10:37:00,Address 28,Processing
DONDAT2588,06:40:00,Address 335,Cancelled
DONDAT2589,11:42:00,Address 349,Processing
DONDAT2590,21:15:00,Address 367,Delivered
DONDAT2591,21:27:00,Address 82,Processing
DONDAT2592,06:00:00,Address 168,Delivered
DONDAT2593,04:26:00,Address 264,Delivered
DONDAT2594,19:16:00,Address 427,Processing
DONDAT2595,20:55:00,Address 145,Cancelled
DONDAT2596,03:16:00,Address 425,Processing
DONDAT2597,00:27:00,Address 413,Delivered
DONDAT2598,21:16:00,Address 253,Delivered
DONDAT2599,22:09:00,Address 166,Cancelled
DONDAT2600,16:33:00,Address 276,Delivered
DONDAT2601,14:05:00,Address 493,Processing
DONDAT2602,13:38:00,Address 3,Delivered
DONDAT2603,15:08:00,Address 290,Delivered
DONDAT2604,04:00:00,Address 466,Delivered
DONDAT2605,17:13:00,Address 124,Delivered
DONDAT2606,22:06:00,Address 465,Cancelled
DONDAT2607,10:37:00,Address 169,Processing
DONDAT2608,17:32:00,Address 474,Cancelled
DONDAT2609,02:35:00,Address 252,Processing
DONDAT2610,13:27:00,Address 214,Cancelled
DONDAT2611,09:22:00,Address 291,Delivered
DONDAT2612,08:13:00,Address 485,Cancelled
DONDAT2613,01:11:00,Address 446,Delivered
DONDAT2614,03:02:00,Address 392,Processing
DONDAT2615,10:47:00,Address 314,Cancelled
DONDAT2616,17:35:00,Address 236,Delivered
DONDAT2617,09:57:00,Address 365,Delivered
DONDAT2618,11:40:00,Address 117,Processing
DONDAT2619,16:18:00,Address 494,Cancelled
DONDAT2620,00:31:00,Address 53,Delivered
DONDAT2621,11:00:00,Address 473,Delivered
DONDAT2622,21:38:00,Address 210,Processing
DONDAT2623,06:14:00,Address 345,Delivered
DONDAT2624,18:18:00,Address 261,Delivered
DONDAT2625,17:42:00,Address 281,Delivered
DONDAT2626,03:18:00,Address 94,Cancelled
DONDAT2627,00:50:00,Address 412,Delivered
DONDAT2628,05:36:00,Address 354,Processing
DONDAT2629,20:41:00,Address 55,Delivered
DONDAT2630,20:56:00,Address 149,Processing
DONDAT2631,22:51:00,Address 127,Processing
DONDAT2632,21:27:00,Address 48,Processing
DONDAT2633,16:35:00,Address 132,Processing
DONDAT2634,05:01:00,Address 313,Processing
DONDAT2635,16:22:00,Address 396,Processing
DONDAT2636,01:38:00,Address 325,Delivered
DONDAT2637,16:20:00,Address 397,Delivered
DONDAT2638,21:55:00,Address 354,Delivered
DONDAT2639,04:04:00,Address 451,Delivered
DONDAT2640,04:23:00,Address 247,Processing
DONDAT2641,17:06:00,Address 264,Processing
DONDAT2642,04:05:00,Address 222,Delivered
DONDAT2643,12:24:00,Address 371,Cancelled
DONDAT2644,23:10:00,Address 425,Cancelled
DONDAT2645,17:02:00,Address 198,Processing
DONDAT2646,10:16:00,Address 224,Delivered
DONDAT2647,23:03:00,Address 310,Processing
DONDAT2648,13:06:00,Address 147,Processing
DONDAT2649,13:15:00,Address 390,Processing
DONDAT2650,11:03:00,Address 452,Delivered
DONDAT2651,21:34:00,Address 16,Delivered
DONDAT2652,03:24:00,Address 490,Delivered
DONDAT2653,20:57:00,Address 356,Processing
DONDAT2654,10:19:00,Address 393,Processing
DONDAT2655,13:58:00,Address 296,Delivered
DONDAT2656,17:07:00,Address 35,Delivered
DONDAT2657,16:22:00,Address 234,Delivered
DONDAT2658,08:01:00,Address 377,Delivered
DONDAT2659,21:23:00,Address 98,Delivered
DONDAT2660,14:25:00,Address 131,Cancelled
DONDAT2661,23:52:00,Address 478,Cancelled
DONDAT2662,16:07:00,Address 131,Processing
DONDAT2663,02:57:00,Address 389,Delivered
DONDAT2664,15:30:00,Address 430,Processing
DONDAT2665,18:25:00,Address 144,Processing
DONDAT2666,09:50:00,Address 488,Processing
DONDAT2667,14:09:00,Address 342,Processing
DONDAT2668,18:35:00,Address 48,Processing
DONDAT2669,15:23:00,Address 283,Processing
DONDAT2670,11:41:00,Address 140,Delivered
DONDAT2671,11:23:00,Address 453,Delivered
DONDAT2672,01:38:00,Address 379,Cancelled
DONDAT2673,15:25:00,Address 209,Cancelled
DONDAT2674,13:20:00,Address 175,Processing
DONDAT2675,04:52:00,Address 285,Processing
DONDAT2676,11:48:00,Address 197,Delivered
DONDAT2677,19:12:00,Address 171,Delivered
DONDAT2678,18:11:00,Address 492,Processing
DONDAT2679,14:43:00,Address 162,Processing
DONDAT2680,11:21:00,Address 46,Processing
DONDAT2681,16:30:00,Address 144,Delivered
DONDAT2682,15:21:00,Address 238,Cancelled
DONDAT2683,11:44:00,Address 21,Processing
DONDAT2684,12:53:00,Address 121,Delivered
DONDAT2685,00:26:00,Address 468,Cancelled
DONDAT2686,17:00:00,Address 380,Cancelled
DONDAT2687,22:41:00,Address 404,Processing
DONDAT2688,14:29:00,Address 247,Delivered
DONDAT2689,01:22:00,Address 235,Cancelled
DONDAT2690,15:14:00,Address 155,Delivered
DONDAT2691,06:36:00,Address 200,Cancelled
DONDAT2692,08:37:00,Address 312,Cancelled
DONDAT2693,15:48:00,Address 185,Processing
DONDAT2694,17:30:00,Address 467,Cancelled
DONDAT2695,10:47:00,Address 489,Processing
DONDAT2696,00:19:00,Address 49,Cancelled
DONDAT2697,05:01:00,Address 197,Delivered
DONDAT2698,16:24:00,Address 191,Cancelled
DONDAT2699,14:03:00,Address 480,Processing
DONDAT2700,18:18:00,Address 480,Processing
DONDAT2701,22:19:00,Address 86,Cancelled
DONDAT2702,02:10:00,Address 33,Delivered
DONDAT2703,23:58:00,Address 343,Cancelled
DONDAT2704,13:41:00,Address 323,Cancelled
DONDAT2705,12:07:00,Address 213,Cancelled
DONDAT2706,00:51:00,Address 352,Delivered
DONDAT2707,05:36:00,Address 85,Delivered
DONDAT2708,20:09:00,Address 150,Processing
DONDAT2709,07:03:00,Address 78,Delivered
DONDAT2710,18:10:00,Address 77,Delivered
DONDAT2711,21:28:00,Address 265,Delivered
DONDAT2712,21:04:00,Address 330,Cancelled
DONDAT2713,04:23:00,Address 466,Delivered
DONDAT2714,23:03:00,Address 183,Processing
DONDAT2715,02:57:00,Address 488,Cancelled
DONDAT2716,03:20:00,Address 469,Delivered
DONDAT2717,10:09:00,Address 145,Processing
DONDAT2718,01:12:00,Address 62,Cancelled
DONDAT2719,18:24:00,Address 51,Processing
DONDAT2720,02:26:00,Address 266,Cancelled
DONDAT2721,13:45:00,Address 248,Processing
DONDAT2722,12:21:00,Address 161,Processing
DONDAT2723,12:13:00,Address 205,Delivered
DONDAT2724,11:58:00,Address 165,Cancelled
DONDAT2725,21:43:00,Address 374,Cancelled
DONDAT2726,20:54:00,Address 245,Delivered
DONDAT2727,09:34:00,Address 144,Delivered
DONDAT2728,20:37:00,Address 464,Delivered
DONDAT2729,07:43:00,Address 169,Cancelled
DONDAT2730,18:24:00,Address 413,Cancelled
DONDAT2731,19:33:00,Address 241,Delivered
DONDAT2732,19:26:00,Address 215,Processing
DONDAT2733,14:32:00,Address 1,Processing
DONDAT2734,16:05:00,Address 305,Delivered
DONDAT2735,21:33:00,Address 122,Cancelled
DONDAT2736,18:31:00,Address 34,Delivered
DONDAT2737,16:02:00,Address 364,Delivered
DONDAT2738,09:04:00,Address 1,Delivered
DONDAT2739,05:58:00,Address 59,Cancelled
DONDAT2740,19:23:00,Address 488,Cancelled
DONDAT2741,13:28:00,Address 250,Cancelled
DONDAT2742,15:22:00,Address 133,Processing
DONDAT2743,13:03:00,Address 195,Processing
DONDAT2744,06:45:00,Address 433,Delivered
DONDAT2745,08:24:00,Address 223,Cancelled
DONDAT2746,15:13:00,Address 125,Cancelled
DONDAT2747,16:15:00,Address 49,Delivered
DONDAT2748,10:44:00,Address 239,Processing
DONDAT2749,06:51:00,Address 119,Processing
DONDAT2750,20:15:00,Address 52,Processing
DONDAT2751,15:09:00,Address 252,Cancelled
DONDAT2752,20:13:00,Address 456,Processing
DONDAT2753,06:27:00,Address 330,Cancelled
DONDAT2754,07:11:00,Address 256,Cancelled
DONDAT2755,21:41:00,Address 120,Cancelled
DONDAT2756,03:51:00,Address 299,Cancelled
DONDAT2757,03:59:00,Address 205,Delivered
DONDAT2758,23:13:00,Address 405,Cancelled
DONDAT2759,08:02:00,Address 474,Delivered
DONDAT2760,00:44:00,Address 438,Cancelled
DONDAT2761,04:05:00,Address 395,Delivered
DONDAT2762,20:31:00,Address 351,Delivered
DONDAT2763,02:09:00,Address 95,Cancelled
DONDAT2764,04:41:00,Address 404,Cancelled
DONDAT2765,20:25:00,Address 213,Cancelled
DONDAT2766,06:45:00,Address 433,Cancelled
DONDAT2767,09:53:00,Address 284,Cancelled
DONDAT2768,04:43:00,Address 292,Cancelled
DONDAT2769,05:32:00,Address 95,Delivered
DONDAT2770,10:34:00,Address 379,Cancelled
DONDAT2771,21:30:00,Address 5,Cancelled
DONDAT2772,16:23:00,Address 428,Processing
DONDAT2773,02:12:00,Address 81,Processing
DONDAT2774,16:02:00,Address 381,Delivered
DONDAT2775,17:18:00,Address 72,Delivered
DONDAT2776,14:56:00,Address 80,Delivered
DONDAT2777,11:38:00,Address 179,Processing
DONDAT2778,06:31:00,Address 361,Delivered
DONDAT2779,19:25:00,Address 110,Delivered
DONDAT2780,07:02:00,Address 368,Cancelled
DONDAT2781,12:57:00,Address 103,Delivered
DONDAT2782,22:09:00,Address 384,Delivered
DONDAT2783,21:19:00,Address 412,Processing
DONDAT2784,07:09:00,Address 143,Delivered
DONDAT2785,00:45:00,Address 126,Delivered
DONDAT2786,23:03:00,Address 376,Cancelled
DONDAT2787,21:16:00,Address 189,Processing
DONDAT2788,18:36:00,Address 469,Delivered
DONDAT2789,00:46:00,Address 109,Cancelled
DONDAT2790,01:19:00,Address 25,Cancelled
DONDAT2791,10:27:00,Address 488,Processing
DONDAT2792,10:27:00,Address 53,Processing
DONDAT2793,21:58:00,Address 311,Cancelled
DONDAT2794,03:26:00,Address 106,Cancelled
DONDAT2795,19:29:00,Address 436,Delivered
DONDAT2796,02:31:00,Address 113,Delivered
DONDAT2797,11:34:00,Address 424,Cancelled
DONDAT2798,07:57:00,Address 160,Processing
DONDAT2799,03:40:00,Address 203,Delivered
DONDAT2800,23:24:00,Address 102,Delivered
DONDAT2801,18:47:00,Address 11,Processing
DONDAT2802,22:45:00,Address 215,Delivered
DONDAT2803,08:06:00,Address 268,Processing
DONDAT2804,05:07:00,Address 339,Processing
DONDAT2805,21:45:00,Address 174,Cancelled
DONDAT2806,06:50:00,Address 167,Cancelled
DONDAT2807,13:31:00,Address 291,Cancelled
DONDAT2808,07:48:00,Address 363,Processing
DONDAT2809,05:20:00,Address 224,Cancelled
DONDAT2810,11:00:00,Address 319,Processing
DONDAT2811,18:32:00,Address 64,Processing
DONDAT2812,09:19:00,Address 299,Cancelled
DONDAT2813,01:17:00,Address 1,Delivered
DONDAT2814,10:06:00,Address 139,Cancelled
DONDAT2815,08:06:00,Address 56,Delivered
DONDAT2816,20:11:00,Address 119,Cancelled
DONDAT2817,02:22:00,Address 475,Cancelled
DONDAT2818,04:31:00,Address 189,Cancelled
DONDAT2819,11:11:00,Address 379,Processing
DONDAT2820,18:01:00,Address 452,Cancelled
DONDAT2821,23:44:00,Address 244,Cancelled
DONDAT2822,04:04:00,Address 340,Processing
DONDAT2823,08:18:00,Address 155,Delivered
DONDAT2824,21:05:00,Address 474,Cancelled
DONDAT2825,03:24:00,Address 374,Processing
DONDAT2826,01:24:00,Address 242,Delivered
DONDAT2827,09:28:00,Address 177,Cancelled
DONDAT2828,07:24:00,Address 365,Processing
DONDAT2829,09:36:00,Address 186,Cancelled
DONDAT2830,19:22:00,Address 67,Processing
DONDAT2831,10:29:00,Address 208,Cancelled
DONDAT2832,13:55:00,Address 29,Processing
DONDAT2833,01:57:00,Address 158,Processing
DONDAT2834,16:15:00,Address 430,Delivered
DONDAT2835,21:45:00,Address 60,Delivered
DONDAT2836,13:32:00,Address 221,Delivered
DONDAT2837,02:57:00,Address 137,Processing
DONDAT2838,01:58:00,Address 98,Cancelled
DONDAT2839,20:46:00,Address 474,Delivered
DONDAT2840,17:24:00,Address 368,Processing
DONDAT2841,05:17:00,Address 100,Processing
DONDAT2842,15:51:00,Address 209,Delivered
DONDAT2843,02:36:00,Address 34,Cancelled
DONDAT2844,21:34:00,Address 255,Cancelled
DONDAT2845,17:10:00,Address 306,Processing
DONDAT2846,22:22:00,Address 73,Cancelled
DONDAT2847,18:50:00,Address 74,Delivered
DONDAT2848,16:25:00,Address 238,Cancelled
DONDAT2849,20:53:00,Address 316,Processing
DONDAT2850,12:46:00,Address 122,Processing
DONDAT2851,01:48:00,Address 140,Cancelled
DONDAT2852,13:03:00,Address 15,Cancelled
DONDAT2853,09:31:00,Address 78,Delivered
DONDAT2854,08:04:00,Address 454,Cancelled
DONDAT2855,08:21:00,Address 252,Cancelled
DONDAT2856,02:49:00,Address 119,Processing
DONDAT2857,09:48:00,Address 83,Processing
DONDAT2858,13:40:00,Address 394,Cancelled
DONDAT2859,08:52:00,Address 130,Processing
DONDAT2860,09:57:00,Address 421,Cancelled
DONDAT2861,17:13:00,Address 377,Processing
DONDAT2862,06:05:00,Address 60,Delivered
DONDAT2863,14:20:00,Address 271,Cancelled
DONDAT2864,19:06:00,Address 196,Cancelled
DONDAT2865,08:08:00,Address 219,Cancelled
DONDAT2866,08:31:00,Address 8,Processing
DONDAT2867,02:55:00,Address 428,Cancelled
DONDAT2868,22:08:00,Address 281,Cancelled
DONDAT2869,12:20:00,Address 166,Processing
DONDAT2870,08:11:00,Address 54,Delivered
DONDAT2871,02:16:00,Address 288,Processing
DONDAT2872,03:19:00,Address 481,Delivered
DONDAT2873,06:15:00,Address 484,Cancelled
DONDAT2874,03:19:00,Address 109,Processing
DONDAT2875,00:05:00,Address 438,Cancelled
DONDAT2876,06:26:00,Address 449,Cancelled
DONDAT2877,03:15:00,Address 332,Delivered
DONDAT2878,04:27:00,Address 119,Delivered
DONDAT2879,21:43:00,Address 4,Processing
DONDAT2880,17:59:00,Address 278,Processing
DONDAT2881,19:55:00,Address 61,Delivered
DONDAT2882,09:05:00,Address 336,Cancelled
DONDAT2883,12:28:00,Address 84,Cancelled
DONDAT2884,04:03:00,Address 65,Cancelled
DONDAT2885,12:49:00,Address 152,Processing
DONDAT2886,17:07:00,Address 445,Processing
DONDAT2887,08:35:00,Address 72,Cancelled
DONDAT2888,23:57:00,Address 484,Cancelled
DONDAT2889,20:22:00,Address 252,Delivered
DONDAT2890,22:11:00,Address 259,Processing
DONDAT2891,08:14:00,Address 456,Delivered
DONDAT2892,20:14:00,Address 210,Processing
DONDAT2893,00:36:00,Address 15,Processing
DONDAT2894,08:56:00,Address 314,Delivered
DONDAT2895,14:33:00,Address 95,Cancelled
DONDAT2896,16:24:00,Address 346,Processing
DONDAT2897,18:14:00,Address 8,Delivered
DONDAT2898,06:39:00,Address 60,Processing
DONDAT2899,12:40:00,Address 80,Delivered
DONDAT2900,06:24:00,Address 108,Processing
DONDAT2901,06:30:00,Address 6,Delivered
DONDAT2902,01:59:00,Address 13,Cancelled
DONDAT2903,17:00:00,Address 216,Processing
DONDAT2904,01:59:00,Address 224,Cancelled
DONDAT2905,08:49:00,Address 299,Processing
DONDAT2906,23:41:00,Address 302,Processing
DONDAT2907,03:37:00,Address 94,Cancelled
DONDAT2908,22:48:00,Address 56,Delivered
DONDAT2909,14:06:00,Address 93,Delivered
DONDAT2910,05:02:00,Address 356,Delivered
DONDAT2911,19:02:00,Address 347,Cancelled
DONDAT2912,05:26:00,Address 165,Cancelled
DONDAT2913,01:37:00,Address 432,Processing
DONDAT2914,13:48:00,Address 18,Processing
DONDAT2915,12:29:00,Address 14,Cancelled
DONDAT2916,07:20:00,Address 232,Processing
DONDAT2917,03:28:00,Address 259,Delivered
DONDAT2918,12:14:00,Address 359,Delivered
DONDAT2919,18:51:00,Address 323,Cancelled
DONDAT2920,11:23:00,Address 257,Processing
DONDAT2921,17:49:00,Address 436,Processing
DONDAT2922,15:29:00,Address 238,Cancelled
DONDAT2923,02:04:00,Address 467,Delivered
DONDAT2924,22:57:00,Address 170,Cancelled
DONDAT2925,17:11:00,Address 481,Processing
DONDAT2926,02:44:00,Address 219,Cancelled
DONDAT2927,16:23:00,Address 240,Processing
DONDAT2928,19:56:00,Address 202,Delivered
DONDAT2929,01:47:00,Address 65,Cancelled
DONDAT2930,03:07:00,Address 334,Delivered
DONDAT2931,10:16:00,Address 72,Delivered
DONDAT2932,05:09:00,Address 151,Cancelled
DONDAT2933,06:04:00,Address 447,Processing
DONDAT2934,14:47:00,Address 252,Cancelled
DONDAT2935,01:19:00,Address 26,Delivered
DONDAT2936,08:40:00,Address 496,Cancelled
DONDAT2937,08:30:00,Address 218,Processing
DONDAT2938,13:27:00,Address 323,Processing
DONDAT2939,08:45:00,Address 350,Delivered
DONDAT2940,18:05:00,Address 286,Delivered
DONDAT2941,23:38:00,Address 265,Processing
DONDAT2942,08:11:00,Address 38,Processing
DONDAT2943,08:54:00,Address 408,Delivered
DONDAT2944,15:27:00,Address 196,Delivered
DONDAT2945,09:16:00,Address 320,Cancelled
DONDAT2946,00:19:00,Address 131,Cancelled
DONDAT2947,14:37:00,Address 52,Processing
DONDAT2948,10:21:00,Address 77,Cancelled
DONDAT2949,02:29:00,Address 175,Cancelled
DONDAT2950,16:37:00,Address 211,Delivered
DONDAT2951,15:01:00,Address 175,Delivered
DONDAT2952,21:28:00,Address 295,Cancelled
DONDAT2953,14:37:00,Address 294,Processing
DONDAT2954,06:07:00,Address 185,Delivered
DONDAT2955,21:07:00,Address 152,Delivered
DONDAT2956,21:47:00,Address 207,Processing
DONDAT2957,12:26:00,Address 185,Cancelled
DONDAT2958,08:35:00,Address 222,Cancelled
DONDAT2959,14:18:00,Address 430,Delivered
DONDAT2960,11:27:00,Address 271,Processing
DONDAT2961,09:33:00,Address 142,Processing
DONDAT2962,03:50:00,Address 207,Delivered
DONDAT2963,10:49:00,Address 292,Delivered
DONDAT2964,20:24:00,Address 210,Delivered
DONDAT2965,23:08:00,Address 269,Delivered
DONDAT2966,05:57:00,Address 225,Processing
DONDAT2967,05:33:00,Address 108,Cancelled
DONDAT2968,17:12:00,Address 389,Processing
DONDAT2969,14:47:00,Address 37,Processing
DONDAT2970,12:16:00,Address 381,Processing
DONDAT2971,03:29:00,Address 473,Delivered
DONDAT2972,01:52:00,Address 80,Cancelled
DONDAT2973,05:24:00,Address 468,Processing
DONDAT2974,13:32:00,Address 479,Cancelled
DONDAT2975,21:37:00,Address 457,Processing
DONDAT2976,00:26:00,Address 395,Cancelled
DONDAT2977,21:39:00,Address 483,Delivered
DONDAT2978,05:02:00,Address 486,Delivered
DONDAT2979,15:21:00,Address 119,Cancelled
DONDAT2980,08:47:00,Address 278,Cancelled
DONDAT2981,14:06:00,Address 301,Delivered
DONDAT2982,12:00:00,Address 258,Processing
DONDAT2983,15:40:00,Address 384,Cancelled
DONDAT2984,13:22:00,Address 307,Processing
DONDAT2985,12:34:00,Address 313,Cancelled
DONDAT2986,06:16:00,Address 355,Processing
DONDAT2987,03:30:00,Address 341,Processing
DONDAT2988,07:06:00,Address 293,Processing
DONDAT2989,04:54:00,Address 26,Processing
DONDAT2990,20:38:00,Address 320,Delivered
DONDAT2991,10:18:00,Address 324,Processing
DONDAT2992,06:16:00,Address 139,Delivered
DONDAT2993,23:14:00,Address 161,Delivered
DONDAT2994,22:13:00,Address 309,Cancelled
DONDAT2995,00:57:00,Address 282,Processing
DONDAT2996,20:17:00,Address 29,Delivered
DONDAT2997,12:26:00,Address 447,Processing
DONDAT2998,19:04:00,Address 174,Delivered
DONDAT2999,15:46:00,Address 437,Delivered
DONDAT3000,11:51:00,Address 2,Delivered
