USERNAME,PASSWORD,ROLE
admin,$2b$12$FRlmt9I2P01M3GnPT3MBiuSZ1JG.l5Kg35ULZks5psEnlZSO4gc66,Admin
0829747588,$2b$12$B6ksWtYL39dfaRg7xceEm.KMh99fHNvJjIkMymPcgwGvPIOOYWOgS,Department Manager
0336043017,$2b$12$OTZN0ETHOaAQ7sVfQN3oDOYSTvxFaDSZlp8B3uDO5BD2UCXbqLNpy,Department Manager
0811933836,$2b$12$OZkGG1NYFgipPxAJUWJvg.6rYudXJmKjFLkQSzAeuJHGYaARF9Fzu,Department Manager
0859132820,$2b$12$rLIPGNFQju55C4rruy2H1Ozgn2E7YCTvLR/PUu.NwlOg/sOgSoHTm,Department Manager
0599724997,$2b$12$2ruVHOBsqUxggtwkauoIoeu4.pESm2RvqZ5LsArD1jGtxGTtJKwxm,Department Manager
0828008497,$2b$12$txQZyHQTk8903rOEFXoEXeYZcviSc74V9Phr8A/YDk6/LDTseR3pK,Department Manager
0945875613,$2b$12$T/1ACEAvI0hxVSuJ2IB7y.6b4.xPVcBGzjjyRKXtvQp9/GVl4DbFq,Department Manager
0997186923,$2b$12$sq7DtYQR58fezZLvsqTeEewrrwiL5uRGMNLObSNYRKR7iv7pjkXWy,Department Manager
0354324697,$2b$12$O/HhfvCfh3Q0GVLJOex71euzRAaie8npzmwLLUTPnGdlndOsiGImK,Department Manager
0780359210,$2b$12$IXQz9J3NBXw0E/qCSW8HOuTzDM9DNF2UvpJnKddyxdyUzMXtN4d9.,Department Manager
0900423696,$2b$12$oqWMgALABGhGget3LGV6F.o68Lnx37Wr/NOBLffjOZSPNnbWZJEHy,Department Manager
0972397380,$2b$12$dJaZZ9nYp6Lfubheho.RR.on7pCZVrhMLlut26riNGAa8E2f3bv0.,Department Manager
0925617974,$2b$12$IViyaTlXJfPV0LuYhF9C/.X0J1CSMI6Z.Q9MdjTMEaJOyc5l0mspO,Department Manager
0917164561,$2b$12$4zrkz1/BZt5nEjgUM9Gp2OtaLkNhIhjLaXwhFlk.9tukbp.Buh1Di,Department Manager
0833167655,$2b$12$7G2z7elhOsgG6uisMxSVrOidst.70eeZ3z6LuTd9Pvy.UnHeneRHS,Department Manager
0384526716,$2b$12$fwO2WaIIBajtD41S3j920ujB4NcSkQA4uP2qwINp4yjKZeMcmwLS6,Department Manager
0786513246,$2b$12$AhZn1V/h7NtsLKHHGMaV1uKu88XpUoKixZZiMCLZM9y5cr6SVXJOm,Department Manager
0788803671,$2b$12$WlQOMzczjHmpPfHDJa43juEsqV51pXQSDoDeRnnIge6KtkplHkOZG,Department Manager
0848041981,$2b$12$zlHn6NYLh16m7gjSXPF2/uyaVDJLk8PJLYVbPXEkeOhyOb0xx2sAq,Department Manager
0947274946,$2b$12$zy6/NtckP.i.plqqW3te9Ol9RwzQjydD5VBTOv885rm5XbZKKH.rC,Department Manager
0791977822,$2b$12$geiwG.32P7PZ6C/msnA9qeqt.mchikUBQcBduBu5XvhEVZHh50ClG,Department Manager
0788870578,$2b$12$kjlynrROxlW.wycLyOyz..bhgcDSSQwkCPxcM5RhW0NS9TOu5ZoCC,Department Manager
0978183635,$2b$12$XU8fB4EV6wTU.vg4l9wa/.pDzrvqeMZXFkDMHhmIVkMC.WpWD0/MG,Department Manager
0909597168,$2b$12$EUbmLD50KAtOCzL/ld2fyuaTr8D/U9eRMv0B4WlnU1Z3E8SG.G5ei,Department Manager
0373833991,$2b$12$.kRbUxc2oYc7SlGNKtnoS.rgOOYKrRGYWekuLSAbNbDx0kvdeISSW,Department Manager
0388973574,$2b$12$WqcMbRPw8hTcM/vSIT45aOZLkft47An2VNKMrsVcZeCf4Lz49EKj2,Department Manager
0889513993,$2b$12$skR0DTTXy.yVzmNOxcK3lu5S3yj4Mqk7TcM1tKpWdlvVEgcvTybIO,Department Manager
0825502887,$2b$12$p1DXiQREyF6G5gTIoDuJ0OXXNjeTCgREP31KHW6bJ7HBw5AdfVE8a,Department Manager
0596978798,$2b$12$LrFh.Ly64sKXFYH61ct9Xu/BGdtmUwBUVvDPCvRHDV3eGbs10wSDy,Department Manager
0836655802,$2b$12$U.EhPQA85qj871hwR0EiqO684tcKIOprCSJXi/RDm7AS7lkalNn/a,Department Manager
0820107850,$2b$12$eBAX052GPxOkUUiEzTp29.DyKNJnd4fNBipOArLHu/JwulaCTyDxu,Department Manager
0796428698,$2b$12$dQpOQF/Fmw79WcQ8q7D8ZeG8wo0I5jFPnoThfzgH8c0ViA.FvxxSW,Department Manager
0358328198,$2b$12$4WzFJtq8C8Q4tq58gY8DMO4xx8VrBd1zUTW2CKnShC.KigBjwnnZO,Department Manager
0830335555,$2b$12$jFDWsM3YWlkaFwogDyosKOLodOVlfPKFC3Lspf1V57T.qyMy7DxSu,Department Manager
0371181212,$2b$12$SNNvKu6V1XJGG.CSuRo3RO6NTJoc.oVMA2pQk/XS8lJtlhUJcbaL.,Department Manager
0702803447,$2b$12$gu1dSq.Wf.Mhotgs0A/vZOTuaAc1DBNLUUmfLjBi9LAXvShGBgh8u,Department Manager
0897291143,$2b$12$ClWdp2Jk8fO0Guatl/EVVeqpit8PhVFbmw7yJNH/YB2/yLbz7POiC,Department Manager
0374079279,$2b$12$R.ZggU0.RO5V9TBygDV2Ku25St144x4YcHSgKjMLDgxMqEPo2BYQu,Department Manager
0859124455,$2b$12$syz07.SZl5uxj.JFERZxHOxgHCTepuJGvoibkwy.M8/11GfEDp4x.,Department Manager
0949821252,$2b$12$5BU5IgTMEZ.tork0GDZ7aOtz3Be/fgM6wCPEO5ZYsvrekkhq0w1mG,Department Manager
0934796706,$2b$12$kXSKxRnC77A5/tCr/taBruKk7wicLXpF8/5c8rh6emkQX7OI3c06C,Staff
0765044294,$2b$12$QWKR2iSuVGjB200tK2j.y.LXvLNkzXBvKCya0hlbfOyTk9lBS/fFe,Staff
0823291136,$2b$12$sPMW5UMTbUqmTmrJPQEK7u8.qwMlPpP.MiLy/rQJ8D6uUSDNJ8nFW,Staff
0785712953,$2b$12$u79dGC7jgwCuhSNTeKOlruQfRYQ3CtoL1ZbLPD36N9PTGSzo7GdXu,Staff
0908502179,$2b$12$9YXeMkXWtN0qlaB9jtw.B.RSF.IxVsVcwzkTxBoEOPvqGsN2doTMa,Branch Manager
0584203358,$2b$12$wovwQoxBhb6pgqDRTU/fKupb0INvjKMR9k83goX2KPor6RDwyaZzG,Branch Manager
0938502441,$2b$12$9/qDGsUXhcamyndQIVdUY.MY6WuFPYfP0j0BZWiCJtrS6aG4OoEm.,Staff
0768074188,$2b$12$t9zAjbg.R2P5OoO6/iHwYua5gxXeAWRBk.y9CtOBqEPOe5zS/qJem,Staff
0821155228,$2b$12$jnLhkCQSYBYw6tlSBRuPk.yz5Q6lY9HggEp1cjVWuuRMzrZFWx6DC,Staff
0822963950,$2b$12$eBT3BAUnga7qZP0ttLlzROXLevp4BpiynNihfgJbro90SbjHf8D0W,Staff
0851174710,$2b$12$.4aMPOKdyarJn4VPwuYjrug89orBWQIhEZMOpgXE6Tph72mhMZgcS,Staff
0567357846,$2b$12$mVUJSBMhVOYec86A7V.aU.baVXdvlUspDrovYR3tL4eoIuPiqVbh6,Staff
0777665603,$2b$12$sNw1JQUjhKjae5yYoGENNuT/gBEvpEGfR6qkN36PFG.GbTJEc7GZm,Branch Manager
0789968785,$2b$12$U1PX26oTSZA7O6aaiR89muU4ZQeB8IVZ.lOjvPNby1P4aqc2zznyW,Staff
0782235467,$2b$12$mLncM4gBXtP0jbGHvOOCeOEj6GdjEitEddxGA0Qk1LA2U9c/r9TQm,Staff
0396417215,$2b$12$R0r0B9hDF6k3ULaNCa.kduqJbpSjzfdBL/AAV0yumyFNtSMDvggTO,Branch Manager
0825386275,$2b$12$AY12xDdsNcXBamQLmzYcl.Dw8iSL1krYmbESfEeWMj31LzWRKOgW.,Staff
0835749926,$2b$12$vI5Ny6aw5/l97ocWI2Vzy.gVjhuWY5q.W2uEDVJbQhnz2om0kbf6m,Staff
0767688554,$2b$12$dQWQL2lwNKP7zgEC6LskYOEZv7dcFpKYmlzHz7zVdbOK4gaxdkxti,Staff
0826526627,$2b$12$ebww7x/CpRIMssCBwatQiOp4P0prElX94s.Jl240lYAM3lrBbUbZy,Staff
0349407350,$2b$12$opXyt7PaJFPRrj20B6Rq9uJQFUflF8X2EKg4x7grQTFYJxVab8BGq,Staff
0333456329,$2b$12$ZArfm3A81kl3GkFaaYtA.enOJulKNUIfCZGLSPjpByhibiLVC8Q16,Staff
0332761332,$2b$12$EpkBdHp6I/jfmN0M/NC7re9JPD2muUM0EVK2odhPloXUd7rw/MGeq,Branch Manager
0381217683,$2b$12$9aAmZjgGwqhJvzKnFXcmUe/RZuzdY3837yPaH.gJ5SQ/0HOHxgqmu,Branch Manager
0382992964,$2b$12$oTMMC.Bw/pJlvfbrX.Q.PuD8Tte8meoZl.BIrXMEobQKI0sSm5axm,Staff
0395222212,$2b$12$X2wmJqSx41pS7HGy6JL4gumsNv08XOR/DYZbyNWiAibxfcVjdscT2,Staff
0946360284,$2b$12$qaQc6Dx4s4xSspDeaik/e.PcmkbA0rv5.enDO08GsOAm3vdivLYGi,Staff
0702231520,$2b$12$jToEJdDsE6zUYCBq.h4.Y.UxR8RHoqgfMA4V1Ngg4Hs9uuOmFHmgG,Staff
0377540649,$2b$12$CEgTiNwGB5fGyEpciVHp6euTLiThgte8jyUz.XHlbmoDp9qMCjI.S,Staff
0796771711,$2b$12$GOxBCM6JryWXa/lNU.kFLOR/FbCT4p1DbAY0bvn9RYIQxYfxnxJny,Branch Manager
0393613362,$2b$12$tMNrUIR.YNYt60EmlKQ1i.oPqG1yruCHImpx79whOhjfnmPYswQeC,Staff
0703578916,$2b$12$NnfVbyorlpC49tQyq3LFRehutjTY6.IBaXD.u6gYIdmccX0iEWOZm,Staff
0947084487,$2b$12$0A4.wHcGOqIPmNJ3WF9ig.54zE9slKnSHl3.0dMjkxbaIUfF2YePm,Staff
0369152361,$2b$12$K.rn/MSPsdZ3o3YX8d3Epu.s0NwS9eAVkepDejfJ2tFk6yGfqcUxe,Staff
0344431275,$2b$12$sJ3CQiqjYikrQb3Osz6CNe9ZwgzrcCjJafnzuK4Uxey30AeLo6Usm,Staff
0933155921,$2b$12$b.sayNGiPajioaogjcJREejKD6LAEhTzwgKYupB4v4/cbwmzXISrC,Staff
0881620158,$2b$12$4U0sr0epGKQhFlNe9cnnU.EFQpqO1Od00wQSNhZGazLQKtPrRwgoa,Staff
0564079908,$2b$12$pcZwk52zS4UMw/z0y9r.ReganEYjgOD4AfvkxOC6S5RCl7ULwSqFe,Staff
0347417979,$2b$12$7t.Y/ddNj43Eht0DPt6hkupr5OY08VSCbhgZ27OYSpO0i0ggSUh2a,Staff
0890369300,$2b$12$s3jhgcU3wGYXvYUyUPXoyuiik18Dx/Uy2.0U5OVNu3a35jMoGYTsm,Staff
0912629917,$2b$12$7g/USaJmLL5kmCxqPiEKAOe8c6vUJHaW5OcR8TWC6B3EUponN/oY2,Staff
0904044034,$2b$12$.qERScnXo4.8t3ys3PjK3OOvxdz6oX7zhLhDxuw1TuMG945i1eOtK,Staff
0815247885,$2b$12$0n6nQujWAKqBGocnSVwUuefgZ5.3jeFbLDIrx7Vj8gZq8uj8jENXu,Staff
0928432474,$2b$12$JXRcFPGb1j..NEo3qYrZIuHfM7F65S6Bjo458U59FV6hVhGzh2lIC,Branch Manager
0395498091,$2b$12$k1DzU92uZme77Z1I4rA8o.L4JNlliq4sU9wj6qV1BfgTeSqEyst.2,Staff
0389290426,$2b$12$P578oZzps5l/dQM57mdDWuflulJZeBx6EOnD04/JQ4xHFSfM0AEvO,Staff
0935331368,$2b$12$IGFPGDQ1JQxZFgUvwl0rZOKFpLGRuImNO8Uw89/iM.UdLAaJ/06t2,Staff
0323853567,$2b$12$nezlIUaVf6p6.yGJbNchiOUj4anykwe4Fe1gErJhBi6EZNGkqElXu,Staff
0564865939,$2b$12$PWY2rmegbUZXcsm7l34fG.SFRi2ETJtRBApar.opXZonDDvOXsrIW,Staff
0797597218,$2b$12$BaQE0xsLHWtEBflYrZi0heJcugiG81gFdaUuCW.34bkxm5flGBy06,Staff
0706847289,$2b$12$0regxQbhwiYsgSOmNjMD.uIJkGuWN0IOTmo0SDCy8oMRZluLVRu1m,Staff
0345634316,$2b$12$PVSKuC0HOHBcBgSVvFHfceQtEtKPK9lNbyeTUhI2LdQiIQRhS6QS6,Staff
0362585202,$2b$12$ACEp.q7M/b/gmha4EyTYBeORy6Uxm2y9R7XNur5tS2QB5.RSp7BJG,Staff
0598378262,$2b$12$tAXlbSbFU0WDX7PQDhMuY.FTzz1F/ELJ2DJMbAqu79jw10.Q2knUe,Branch Manager
0822497046,$2b$12$Xv0zZW4EFIO0BFszvbuFA.YfzXrF44vrJbN9fCuOdSvPZvyAsjFDO,Staff
0562019271,$2b$12$OEzxky5NfqlZFSUe97Qg5ORIxZMHJCy19lpm8CHhMRYJJNYTs27rq,Staff
0898007045,$2b$12$JalH7kNUkMPPvAFH8r9wnO0zH0eElWFmIL4Y1EzrwaSG5pO/yTrSO,Staff
0778056550,$2b$12$i812lSRsuXD4IqkxbAgBmunm/i/R8jKJGecxCUBRn13dU2jtoHf7K,Staff
0989423596,$2b$12$KMCTQWd2YPXmU7hS3GRFwODIIKUrrDPA0XSDZwg7r1DVtKtoL5IDG,Staff
0983528649,$2b$12$znXMyMkmP227QXtQFc6Nf.XWvcb99L0ZgeTKLlVu10/pw16tfwe5m,Branch Manager
0993935052,$2b$12$zTL.rKWSXRFvwUgLHw9i4OH9JRPLkwpVVzCGqC/sbJYqyltrV2/aa,Staff
0825699418,$2b$12$/dMQHLmdM5.zi5nkAx4iTO7c4It8NE1eDyni0nn96W3.7C9u.4epG,Staff
0364349761,$2b$12$/XPzlp2RiSJzPGKKickIUe78540Feb5j518qkQIAid8LhwUvLPUK2,Staff
0760529717,$2b$12$hJXwEirWb6GFBXMG/DUl4.VXaEa5RsOYYDu5p3rvSuVEuwIPFRU0e,Staff
0813210019,$2b$12$euJ6tkDUIOmmQHDBFQYFa.hSYkovyldIFbJ9iE6lT.jFHB7gvQZGS,Staff
0337071691,$2b$12$/ytad87zpnpeFQZfscgyQe1r8.xhXE0whJeQoGJP8375b6etpse2O,Staff
0909454865,$2b$12$7QrmzTMHSrVEwlPmcVJ06uasdC0NE8DrQmxiZfy3UvK7GEXi7KrG6,Staff
0587371393,$2b$12$K/J9ab3RjjtE//LDvef7jO9bHZFKol8YcTpKFySmy3Qom.ywAZfuu,Staff
0909391820,$2b$12$M7Yrkc2jKyMD2/uWnN8gC.SMULAKEzRuI2C/xv5UGMHuZfJQH4zTC,Staff
0339038989,$2b$12$iIIrN3LQFmpD399k6n6FGuLejWqf4L29xHRjjop.i1Izy0qiOh6eu,Staff
0350293179,$2b$12$Ho/fCOOy1caQ2E3GX/x09O9LBD7cpKAidyXPpYBTXgjhQ2F6aHEjS,Staff
0324507656,$2b$12$EK9JjBv5Mx.Vc3UODKa2huNolJDbSwQKuldfAciDSkhk0XcTIGG6C,Staff
0377176151,$2b$12$dOQvkfKORRj6phkR3cgIrehjJXuvurSUL1VITkTlolVIPNzBPI1Fe,Staff
0844874074,$2b$12$5R9NLwLSjos1M1APquyLiu4l413mhQP4P..3XTl/9EUSiDmS0P1N6,Staff
0592261617,$2b$12$1cVQwPEx50bkCuN4fLncr.XGyZCs/5X3LwRgB3qz2UypI.9Oo5Ie6,Staff
0838828464,$2b$12$mQxMQa60nh2n1gPrr8hIJumFmjmxiarvLpNS.Nm2OH0NcL4k8imkm,Staff
0385319506,$2b$12$9Wvjdqnh/7WHJKIxtT6qvuriKKsq6g/jszHeu7fFgRr3WPeSHYzy2,Staff
0597593649,$2b$12$nDD1fnunSLtVDcMksQGlEecYHznGvsVk5mBdRqwPVtooaGEl.S8W2,Staff
0960839844,$2b$12$kvHU.VK4gky2r2S6xq9vMeXzQlGD0YJbFHUyTX7Q89bGH5ySc15aK,Staff
0367001886,$2b$12$TDwxFsMfNSNQWolLUIGbI.vgWqUMkJb2fuyVT2ZpJWb8j0N.tVjHa,Staff
0977727528,$2b$12$Azw4bn3OGB/N07IKDwbFNOQAwtCdCccPPIR0SKYxON4LrhXrVrjXi,Staff
0589745101,$2b$12$iP8Ixbyh/oNWZTjs6HMh2uZeC3zFCXEdVthg0pg9RjfFivABsH5Ua,Staff
0818399995,$2b$12$cgWnG/kt22FS3V9LpBZf7uWfUoc0iZpjj2P7fr6kpvcOuNKebDLhu,Staff
0837059363,$2b$12$2sbzHptQsh.5HsrNbXqs0ORDpfaSCj2DZK05OPJ/X4Ru0UHpCm//y,Staff
0908818712,$2b$12$e4LszOHSv8zxKEmGQ.4L3./5SrdW90t8ziA2c3uxNIlqHRJoF7B7i,Staff
0776656468,$2b$12$hRMxdA00aGTEHTqnncKPpePcu5cfjn9Jh7o88P1QL5rxHiLVkVr1S,Staff
0881720641,$2b$12$Pv7TmAdfesCVyv6V1SDxa.QF5TXoPGlpPskxbhO2lcU03JHIpCagy,Staff
0365522139,$2b$12$nTarfqQoLv9ZCsety7hqM.wkf/OhYokhshLx360yGsUp4jBF2LlIW,Staff
0813979683,$2b$12$BnbhC1WANbm3kYfae0Q4wuwEt69Iy8vvfYUwusoAwOhWUWyDQhFfy,Staff
0385667124,$2b$12$s79qvlFvxAPygQHKv1SZM.GdYBx1/K.H/g6EsETKK9i5Ebon16wxG,Staff
0792075614,$2b$12$n9c6eVVeGYJb7Nzli9ouMuR0RcQszDwE4i0fO2BzwLVthmEll3ej.,Staff
0378772818,$2b$12$eEDWMAnyR9MOXxuUncSSveK105ADvx8XWZFEdMijbBrTjJ.wJvISG,Staff
0939133753,$2b$12$Q7DbOxTgvKzn2K6VGvnFsOmRZb.pbX9OtLgjg41pdfZY9wG86ovCq,Staff
0939237592,$2b$12$hBZ4Qm3//NiHXSfbEnNXauWGgpcNGpQ.DtP9/d2eKU7K1gJKnrDWW,Staff
0898109234,$2b$12$DXqiIM/2p9.mub1RQwQVR.aCFmEYzzJwWBNduRZepB4ykESfyYOLq,Staff
0795986976,$2b$12$qNvRLRMUI9Gktu8EXa6Ru.NJ27pBayo/qCc3Tdn56R6IKy5Ojxnva,Staff
0388443588,$2b$12$IaLaX.9nzFXQzw2T0CFzw./mUcdd7F.E4o3sxfVnSxYA67R6I1s1y,Staff
0918830147,$2b$12$h26kS5opgyXceRKOJljROOt9ZpBQI2bFkqmqsuL57H9UI5yJ7xbTS,Staff
0771547132,$2b$12$LgL6q5Ldvrx.sH9b6TifgO9vrexowHlmaLjP9rp2Cfs/pyU8epUYO,Staff
0583137485,$2b$12$/sm1aS8XiJdy40W1GllT9uWcp5UVNBE.vqm0G/Ml8MkHucfk6Zdj2,Staff
0813073306,$2b$12$mQh8OxV0oQKOdNtejURfyO.SO87GrCKOwfc5JXbrmY6hN2YhNfH7G,Staff
0928607687,$2b$12$o0UgzNITRzIyzfLsNGrf0O40GkxBj8klNA4Kp8NyhIYumei/0GjDq,Staff
0885390940,$2b$12$kwWKZKA8OQNMKBnlYfD/XuWUTa/C6OhzkSo7n.5niQwn9FdALOedK,Staff
0943847736,$2b$12$tPRg8YLby0zk9A2dNZspYeOhvQgjb0u.7Y7woLiPvj5hR2nGAkuu6,Staff
0330464462,$2b$12$uR4WshV0rxJICElQvYZAWuLpyGTkCWN82fpJZpEaFVK4txyH2Gmiq,Staff
0350888724,$2b$12$Sny9xUC/mUkr/v9iGjmId.gadOC73NJow6QDRbRsbGI/rIWKwAPuC,Staff
0388141776,$2b$12$MuApoRFfJF4XRwNX9elGO.LBnS.MgVOd8xplcA8ij6DRwnR3BThhy,Staff
0583859683,$2b$12$roewoNg0huX75aQevLc1NuqQL4/bqjR/X/e31TFaeca6EKO16J.nG,Staff
0926931987,$2b$12$5LHU6wX8J7sSAgkKq6nerurAm2qRdYbHxeizmINQozeBI68Ass0S6,Staff
0794526165,$2b$12$2mks55M30GsHW.QYqCI.Deqp.bVktDZZqAK8rG/9cu2U9QyiaSyzq,Staff
0810627111,$2b$12$3Aw2IQQ8URbMbIMU8as1duXDtBZzdPNYwLV/opw.iIRQzwSrQG5I.,Staff
0814799998,$2b$12$VfOiybi.uh2mp0obMCtYAOUjafBvcrGrh4ppQGDKLKiRUKW1U4Ddq,Staff
0896661878,$2b$12$JbKUHgkyx0eXHg.inzwFR.xKwOnShHClCE3I.fKPvZoZU8wj0VZci,Staff
0322080211,$2b$12$NBUF1zkwv7yTL0sblyTpFuPPl42dEloIW4BO/2mvVkpiZu2fo6xmy,Staff
0812110419,$2b$12$USQbyP139wHFoQeVndH0KOWjuRjureEtECwogJLHea8rNihnxRGB6,Staff
0589337495,$2b$12$g50Dn13JVtYds/kCP0sH3OXXOypabJnTDiSOd1QxWabf2VGL7nawi,Staff
0867343051,$2b$12$ZJBRScoUfyxylDkDLsl4iO5jnvk88FxZKORCA2cfnKN9QovSNI.Hm,Staff
0790347239,$2b$12$TpUSceMbSVofRwmOoHWMbOh7FJw2uZFq/6GCIKvWN00HhcMtmaxla,Staff
0882231680,$2b$12$dd1vNGaQhhl1KEu4MlhjoeliYYD686n/Hv86U1EKmWKZtu52b.4nm,Staff
0783581572,$2b$12$jbW4Lvq3Xo9JGZxlTTolauvbCUUeBT.zfWgHBkyV9iSsKuqv8ogVm,Staff
0913302735,$2b$12$lIgLNoNQG0.voKUBPn792.LFtSr5yhgmgZpdLUDS5pHBiPytAfbpa,Staff
0944662060,$2b$12$Km7V33XFDs.xHimdAQjKH.avy00e2yLgwHs.idvmuxno7Ldhrju.a,Staff
0760199771,$2b$12$bEhq67ZelfUF2Phthdu5se89igGdVgKcVa6bzG.yNEIbksPpaQ81.,Staff
0919776918,$2b$12$W.P7RVuLkOp2EKie47Hh..OCMp0Wa48rFjAbZ7r7/bIW4JLdn94SW,Staff
0813054205,$2b$12$aUU1gFS4Ad17K8kOOlGkD.DXj6wuGaJz6AsAsc0963W/WVHlUb6eq,Staff
0869666498,$2b$12$NvWVvBAWxLjUUYakbgKuW.5sGuG2faa1RZwYuLg.d1DpH4HnU.e3O,Staff
0397624023,$2b$12$z6sCdejYANx4GyS1MuQHou4xGnGyIQnkSKIJrwf2IJ6OxCnWzf.fu,Staff
0381916768,$2b$12$8qHMzb9lrA8atjnPggTJI.59W1EQGQh0n0W0aZoEj9Dxyq3reUpei,Staff
0988115217,$2b$12$OeSNAlNn8M9rw1SPAw/.M.PBZmTZD6QN9hlVL8lHNKqZs52YCNtHm,Staff
0398085531,$2b$12$F1KJ9tra2ZnKQWdVV9Eyo.oOFb.aeO9A5bjayphiv05xUivjiDLyO,Staff
0813750359,$2b$12$ZBWKJoOEnWl.xc78ESTS4ewHc1188zQxbKs7NEqfHWrvVvpvmkI0K,Staff
0846722812,$2b$12$Ubc8b865gizUIYLEzSf48uV7FnfYpi1UNkD.RWGN/803SvD3YB3H6,Staff
0925983946,$2b$12$aW7Qx.j34ivoWX.mGvPpmO8yAKEMyW90BcXWtjl.fFCPOEMI7cfBC,Staff
0797268464,$2b$12$W6EUFXIo5la.ILq1JyLexu5FXANRRbDWqi9ko9tJ0Wl7DlEUdBTce,Staff
0387522853,$2b$12$ceGz3OFoci9oPObOdKUroe.XaCM3cKUOtMaGR1QqPFsldOU8jinC2,Staff
0948956885,$2b$12$1jaf628B3vO32ZIP4ncsuuljES8c9vdii26F9Zr10dhME042hx55W,Staff
0926989873,$2b$12$quVOfNXjfoNkXdF91TxG0OUKzgt53H6K28b1yiY6gWygfIRMEOX8C,Staff
0901618039,$2b$12$ifFoRFuXZnnTJ3IpXjIj3eMENOM6CXCccrKjp8V0Gf6yuMHw8ctJm,Staff
0810741808,$2b$12$YljKrWwzEF9sMAN2BbwJkeyGhjIOSsi0mIUYuR0ItRi3xek2KBje2,Staff
0946061997,$2b$12$QmXnxp6Mv326aT0UQGRYjee2yaQzBCDjF6gXYFAwTfxrM5vx2RADq,Staff
0948024209,$2b$12$rk4mz8VDOLQD9CAgct0Gqu53VDprj/yMkCeFijRGSyfLTTWyRvZrO,Staff
0399261968,$2b$12$J9hMOc3RqP16ieWbRYWQt.vHXBdJq.e6/hdSAUMCldTXJB.agrI0y,Staff
0766329505,$2b$12$2KZqS0NSTiqBbqOjSz80Lu0Nh6PaK/nZ96pleXY2h7ohntgmkYbgW,Staff
0940222056,$2b$12$P4q0/af1k1iJzoZ69cWISOuSwxeadsNDcFOVQDva0w/xRE2CBV2Ym,Staff
0322062202,$2b$12$agx.xxmOdOyvHYRKl0VuKuKaqXx8111O19PEGSDK4H.I.EPIO4rq6,Staff
0599659388,$2b$12$OQ12Z7KTutcdA9sjYrXPyOe0A.N1PCgIm0mSOHQasEoKenpD76xsi,Staff
0904105809,$2b$12$Uw3e7MkSVTK/ZCbJz0dae.bL32hNSRoq40NO6jWU61bc5H/TH8gpe,Staff
0831970198,$2b$12$9yJV3lV/6blQ9gcNi.gMmuUhdt6DMmVIZ9YQlL0m.GfYup7.ZmQSq,Staff
0761142673,$2b$12$e0pdqCM/YqxOGNUpRr4W4uPaPlP9BMupOGSgdnQcd2ruSa/Rnu10i,Staff
0981885648,$2b$12$SilpSUItWc9xsD.GXm/sXOKgJ/FKKQux37IiggqNRJj1jFlzoL/2a,Staff
0815458783,$2b$12$SVAgeDBesPOyfccchQ7M3.2cV9Ledn79pVwM35TOfcdrSpjH0oq/a,Staff
0884311816,$2b$12$WXjXzy6zyJSroDby/94m9Oe/kYaah0uZ6/wGSg4o0qJl2/NKd1uq.,Staff
0325189875,$2b$12$4WAeuClukfoXC8ca0XUYvOC9hMQTVvhvFhFCA5fISvBMdIsr0NFai,Staff
0353962787,$2b$12$RQWQp1xjEqfrDtBoNQurHuae7CZX2gdxqU/MhwVL82x6oaE7svUMy,Staff
0823549233,$2b$12$EMLixO2yEh2i2BmMIN/Us.u0UIu/lsC2PRE.bKJXFBd8EZ74pHhEi,Staff
0854968308,$2b$12$NVaDhGEFLHUFgcRXX9Y4nus4jiojljqks3vbxleQjLNvIdBrb/iHK,Staff
0784270012,$2b$12$mzW7dr2MVSMB7fhh7PAFG.eRH/7h1aQhh.feN7o8fDXA4sy0D0AyS,Staff
0372812171,$2b$12$.KXJQnVzurHX1.PZour9..DLh5bw3SCDwVLYx55EhLZTjz5Psdd9i,Staff
0700123222,$2b$12$Lln9Tz2sVcgTd5R/XK2Up.usjOTCy/Z81ljyzsogOZaYo0TPKfcQa,Staff
0701941594,$2b$12$.jmI58tP8DwcPRUkdq9AMOjgH4GAdi61NfgvHaXjC28XhsjxkLo7S,Staff
