MAKHACHHANG,HOTEN,SDT,EMAIL,CCCD
KH00000001,Justin Brown,9169291567,davidwest@example.net,022124100669
KH00000002,Alexandra Oneal,8493766679,mmunoz@example.com,470461914761
KH00000003,Robert Smith,8209749057,marie11@example.org,505338173760
KH00000004,Kathleen Wright,3329224010,lopezaimee@example.net,010700696005
KH00000005,Christina Nguyen,9656311782,susantorres@example.net,686364611742
KH00000006,Jimmy Hess,7431174747,usmith@example.org,455217653588
KH00000007,Sandra Nash,1524434592,mterry@example.org,708582066834
KH00000008,Christopher Moody,7896299202,martinezscott@example.net,464651038193
KH00000009,Virginia Cruz,8422974692,alyssa46@example.com,344815579313
KH00000010,April Reynolds,3208147838,mhoover@example.com,721340447986
KH00000011,Maria Stevens,9028295840,mary89@example.com,404883995025
KH00000012,Michael Serrano,4687843065,angela78@example.org,025076227916
KH00000013,Ariel Marsh,6326582852,littlemark@example.net,166145194663
KH00000014,Bianca Young,5752867221,elizabethyoung@example.com,979710110964
KH00000015,Benjamin Mcneil,2870455182,cameronbarbara@example.org,434671134227
KH00000016,Matthew Woodard,8593646031,hernandezstephanie@example.net,056606494556
KH00000017,Lydia Calderon,2554560383,victor98@example.net,837625742321
KH00000018,Matthew Smith,1811654272,alexandralogan@example.com,360521494971
KH00000019,Amber Walker,8635798468,elizabeth96@example.org,796813868431
KH00000020,Shelly Mitchell,0301956015,lchandler@example.com,485678894217
KH00000021,Judy Henderson,1588559754,jenniferjohnson@example.net,397720717475
KH00000022,William Gutierrez,5282985635,dharris@example.org,938488621074
KH00000023,Laura Stanley,9733929012,fmorris@example.com,984837985198
KH00000024,Barbara Zhang,2185187676,dcox@example.org,538499153955
KH00000025,Ralph Jennings,5987711738,mlittle@example.net,322378264996
KH00000026,Lisa Ware,4839262287,stacy80@example.net,847716793865
KH00000027,Adam Smith,1933383270,aherrera@example.org,509959926068
KH00000028,Julie Beltran,9902105372,michaelcohen@example.net,184909187422
KH00000029,Chelsea Dillon,2375773738,yatesmichael@example.org,441737969109
KH00000030,Anna Bernard,2460454256,ufisher@example.net,384848969717
KH00000031,Brenda Taylor,8502216351,dwilliamson@example.net,195791348012
KH00000032,Daniel Valenzuela,1521941755,ricardo61@example.org,711563249894
KH00000033,Erica Frank,1775879603,ramseyblake@example.org,478910960158
KH00000034,Lisa Baird,2959204182,isaiah49@example.com,369188182720
KH00000035,Lisa Williams,1533913256,ryanthompson@example.org,799834370155
KH00000036,Douglas Parker,9529718195,hicksgeorge@example.org,524666833340
KH00000037,Lindsay Barajas,5004841445,billygarrett@example.net,054482150662
KH00000038,Kevin Marquez,5302252793,anthony24@example.net,219441656910
KH00000039,Mr. Casey Underwood DVM,4817562659,jeffreyatkinson@example.net,559930748851
KH00000040,Gary Lopez,0273756517,williamsnicole@example.org,402528634990
KH00000041,Wesley Hernandez MD,4336320302,gperez@example.com,783604528086
KH00000042,Michael Harding,7312194216,rmyers@example.com,430068188771
KH00000043,Victoria Walker,8946296460,dukejames@example.org,764588935775
KH00000044,Alejandro Gallegos,7575567017,charlesjackson@example.org,649772146929
KH00000045,Jeffrey Hendrix,4138846584,danielleking@example.org,060370311878
KH00000046,Barbara Norris,0426628723,william34@example.org,427921449870
KH00000047,Dana Sutton,9082565224,benjaminscott@example.com,846381132237
KH00000048,Mia Wilson,4048251145,angelacooper@example.net,227707973456
KH00000049,Eric Rice MD,0571488721,shaunfisher@example.net,609367200530
KH00000050,Julie Gutierrez,4970828704,staffordkenneth@example.com,753870920007
KH00000051,Tyler Walker,1831643905,charles45@example.net,223145167313
KH00000052,Amanda Weaver,8059530301,michaelray@example.net,242400338099
KH00000053,Tonya Thornton,5706503523,brownderrick@example.org,192772123405
KH00000054,Dr. Anthony Hart,4239592791,mariah58@example.net,224110800010
KH00000055,Tricia Crawford,7393109721,donald38@example.com,512512726211
KH00000056,Brenda Buckley,7467266330,rayheather@example.com,431167232980
KH00000057,Francisco Wilson,3681789427,roberthernandez@example.net,306818791200
KH00000058,Marc Garcia,3312761005,scottgarcia@example.net,929570419857
KH00000059,Dr. Kylie Hopkins,1164568492,peternash@example.net,515242989627
KH00000060,Holly Moore,9373178245,jamesjenkins@example.net,763961070837
KH00000061,Allison Finley,9269011821,clarkaaron@example.net,431948618659
KH00000062,Wesley Stark,5764431901,mckinneytammy@example.net,919381171388
KH00000063,Emily Rocha,5071069569,fwu@example.com,935727734377
KH00000064,Stephen Lawrence,0082758567,jamesharris@example.net,234907041647
KH00000065,Daniel Barnett,6947311809,william28@example.com,614298106450
KH00000066,Mariah Chan,8981761423,woodmark@example.com,704787789934
KH00000067,Marcus Gray,2285077365,taylorvirginia@example.org,356091681442
KH00000068,Rebecca Mullins,7097514542,mary39@example.net,417429830657
KH00000069,Kristin Morrison,6389655110,tuckersarah@example.org,080499247094
KH00000070,Jessica James,5547809269,wchang@example.net,332487549116
KH00000071,Jeffrey Davidson,1946514979,jonesjenny@example.net,664355305452
KH00000072,Heather Flores,4288346934,jackie79@example.org,856098634936
KH00000073,Michelle Riley,2699329899,johnsonjohn@example.net,698829839591
KH00000074,Anthony Huang,1683050036,jmartin@example.net,154905609185
KH00000075,Laura Ortiz,0714875769,rmckee@example.com,908651476884
KH00000076,Virginia Stone,6753266697,jeffrey41@example.com,423741937001
KH00000077,Joseph Stewart,8928283210,ashleylee@example.org,178812282716
KH00000078,Patricia Gill,9471660605,gregorycline@example.net,177214177473
KH00000079,Jennifer Wright,4911378893,williamsjason@example.com,755690229196
KH00000080,Kelly Wade,0928450104,pachecomichele@example.org,288682044076
KH00000081,Melinda Murphy,6096157113,lukemullen@example.org,031706956826
KH00000082,Pamela Jackson,2581960698,henry35@example.org,918082512660
KH00000083,John Guerrero,0921648382,kathleenjohns@example.org,379425955571
KH00000084,Lori Williams,6226658250,gardnermakayla@example.com,507401739993
KH00000085,Jennifer Gay,9107572189,brookebrady@example.net,693098256425
KH00000086,James Martinez,6228511042,eric93@example.net,876954533230
KH00000087,Lisa Martin,6987835510,denisesmith@example.net,896469782325
KH00000088,David Coleman,5588645946,diane81@example.com,911259819315
KH00000089,David Phillips,9127523692,smithmichael@example.com,263345881094
KH00000090,Carolyn Guerrero,8492049150,amyoneill@example.com,926034577753
KH00000091,Karen Davies,1993037176,hhouston@example.org,601476203720
KH00000092,Joseph Gilbert,9438578587,racheljames@example.org,712628411164
KH00000093,Greg Powell,8275890812,edwardmcdonald@example.com,003962062394
KH00000094,Eugene Mcdowell,4368386966,nichole26@example.com,577596799600
KH00000095,Thomas Cuevas,8919981065,jamestaylor@example.org,199522886049
KH00000096,James Russell,6252750666,vwebb@example.org,925049688767
KH00000097,Reginald Logan,6497156652,leachemily@example.net,883314909920
KH00000098,Richard Thomas,0456346960,joneschristina@example.org,622126335312
KH00000099,Allison Vargas,5736563697,susan91@example.org,940345915355
KH00000100,Pamela King,0396939068,sanchezmatthew@example.com,789307217086
KH00000101,Gloria Robertson,9159692877,brownjamie@example.net,193955124743
KH00000102,Chelsea Tyler,5459000614,darren19@example.com,889926323277
KH00000103,Reginald Davis,9436627092,brittanywhitney@example.com,821979172202
KH00000104,Crystal Acosta,9793792000,huntertodd@example.net,410359703302
KH00000105,Brian Foster,7189411926,alexandertim@example.org,405289770607
KH00000106,Tyler Green,5235880469,karen61@example.org,597540714938
KH00000107,Dawn Henry,3901972302,ruizscott@example.org,300134005437
KH00000108,Mark Underwood,3320254610,jacobjohnston@example.org,665535082845
KH00000109,Emily Calderon,9438513327,cheryl01@example.net,202720289913
KH00000110,Jonathan Johnson,5735903269,scott85@example.org,566778448566
KH00000111,Denise Harris,5133362530,loganjones@example.com,225189026362
KH00000112,Lynn French,8467154860,melissaharris@example.org,204827259237
KH00000113,Michael Perry,9261326276,margaretcoleman@example.com,464973495663
KH00000114,Marie Lopez,6713332285,smithruth@example.com,990502375592
KH00000115,Scott Lawrence,2928563416,molly25@example.org,664527478043
KH00000116,Sherry Smith,9111048201,alexandria00@example.org,690357180973
KH00000117,Tiffany Dixon,2338655126,amberbenjamin@example.com,342828926148
KH00000118,Danielle Wright,5423536611,leephillip@example.net,590334115541
KH00000119,Susan Anderson,9504266043,clarkchristopher@example.net,066873467390
KH00000120,Jason Carter,5001617102,traceywebb@example.com,218878119984
KH00000121,Kyle Suarez,7149656490,davidrobertson@example.com,149644161862
KH00000122,David Taylor,6625172561,ian78@example.org,527117464820
KH00000123,William Wiggins,1973237660,theresa30@example.net,678546009803
KH00000124,Gabrielle Hill,0646436643,kristen11@example.net,890231517586
KH00000125,Randall Gamble,1704856789,robert35@example.org,037163070213
KH00000126,Phillip Rogers,7519478495,juarezlisa@example.net,787743789567
KH00000127,Patricia Cooper,4936046913,chadromero@example.org,453331936198
KH00000128,Charles Jefferson,6192157038,lauren13@example.net,308352446444
KH00000129,Christina Ashley MD,1840119026,nelsonrobin@example.net,627958579895
KH00000130,Shannon Chan,6943993233,cody13@example.com,516599378220
KH00000131,Jerry Miller,0079802956,griffinnicole@example.net,138091427113
KH00000132,Kelly Hill,3677453554,kathleenboyd@example.com,258610093300
KH00000133,Christina Williams,9531399634,joseph17@example.com,099362485137
KH00000134,Jonathon Curry,1719972626,wday@example.org,725879947194
KH00000135,Kimberly Mckay,0563345526,chavezjoseph@example.com,459592546605
KH00000136,John Jacobson,8030985584,andrew67@example.com,138613405517
KH00000137,Tommy Keith,7190637261,hrobinson@example.com,671712844520
KH00000138,Mark Barajas,2364111062,kelleydavid@example.org,107694367200
KH00000139,Brittney Lopez,7193973400,kyle22@example.net,120047218992
KH00000140,Amy Flores,3050579555,wrightjeffrey@example.org,067618891574
KH00000141,Jason King,0538484050,ymahoney@example.com,798815479836
KH00000142,Margaret White,6792948477,zhoffman@example.net,678904249978
KH00000143,Angela Potts,5229291757,stacywilson@example.org,400134884391
KH00000144,Jennifer Shea,3326667541,christopher43@example.com,262654153418
KH00000145,Brianna Gomez DVM,0380145430,whitejacob@example.org,465002349135
KH00000146,Jenna Rogers,5070969826,christopherhickman@example.net,971300346532
KH00000147,Diana Fitzgerald,4267586489,kelleypaul@example.net,319527367684
KH00000148,Christopher Clarke,7109747177,uwashington@example.org,458823740524
KH00000149,Diane Patterson,1186706224,wadecorey@example.net,469538086712
KH00000150,Kristine Baker,9831335347,cindy31@example.com,250753884964
KH00000151,Peter Jackson,3462403195,helen55@example.com,362049425242
KH00000152,William Smith,7438343712,whoward@example.com,571704880325
KH00000153,Samantha Yates,9824984150,paul58@example.com,460766506012
KH00000154,Kenneth Murillo,4592744606,karaperez@example.net,870352784555
KH00000155,David Ward,9476099271,lauren65@example.net,745360352503
KH00000156,Ebony Frank,6156227080,rebecca61@example.org,770340511399
KH00000157,Marvin Ford,3697633016,kelleymatthew@example.com,479158799638
KH00000158,Cameron Jarvis,6988138724,chancaitlin@example.net,809122716912
KH00000159,Christopher Hines,6882993227,arichardson@example.com,042774132556
KH00000160,Matthew Rodriguez,8759522619,james47@example.org,985693791460
KH00000161,Paul Garner,1306068463,jacob45@example.net,891253643389
KH00000162,Anita Stone,9785500234,tammykennedy@example.com,639826754610
KH00000163,James Hartman,8843080824,jenningsjoyce@example.net,201586243767
KH00000164,Kurt Mcgee,0667215893,xrodriguez@example.org,609638217571
KH00000165,Melissa White,6365848294,cochranmichelle@example.com,760319175969
KH00000166,Nathan Johnson,5589648267,jade19@example.org,395039820481
KH00000167,Jack Lewis,0755075309,katietaylor@example.org,181421021010
KH00000168,Ashley Dickerson,2068518206,marycoleman@example.net,593688273815
KH00000169,Rachel Foster,0688529582,dmann@example.net,483118548385
KH00000170,Matthew Woodward,7103399300,heatherjacobs@example.org,773199438495
KH00000171,Eric Arnold,2990729978,cookmichael@example.org,269520586229
KH00000172,Patricia Gomez,6860283682,katherinejones@example.net,591871837471
KH00000173,Anna Carrillo,3190987524,gregory62@example.com,929423028744
KH00000174,Alan White,9180721698,burgesssheila@example.org,323572363006
KH00000175,Mark Smith,6566839616,adrianking@example.com,576299869460
KH00000176,Richard Vaughn,3611239147,kellyfrank@example.org,980613904221
KH00000177,Brenda Jackson,8051494537,kristencarrillo@example.net,741823435798
KH00000178,Dr. William Marshall,6612622841,smithshannon@example.org,521209795826
KH00000179,Matthew Ellis,2333809475,marissacurtis@example.com,924181211875
KH00000180,John Lawson,9313161896,awatson@example.net,641838406186
KH00000181,Melanie Mendez,3372436589,cheryl57@example.net,172071264965
KH00000182,Morgan Kennedy,8552075036,sandra76@example.net,172870980030
KH00000183,Christopher Bright,2270902857,jscott@example.net,277354095802
KH00000184,Leslie Howell,6016643803,hnguyen@example.org,374745293608
KH00000185,Luke Wells,5173301388,keithdiaz@example.net,593887656469
KH00000186,Barbara Davis,7845270532,garciaashley@example.net,328104632650
KH00000187,Victoria Parker,1709552525,stephen39@example.net,061633316571
KH00000188,Corey Vincent,9151793720,kathy55@example.com,260866850143
KH00000189,Kristin Jackson,4298664811,ryan68@example.org,957108095062
KH00000190,John Leon,8067105458,angela63@example.org,902017354097
KH00000191,Melissa Arellano,2040622508,megan49@example.net,066057069387
KH00000192,Debra Smith,1366532717,goldendanielle@example.com,392773131668
KH00000193,Daniel Nguyen,2698404632,pattylam@example.net,740711241637
KH00000194,Kim Waller,0178831514,travisphillips@example.net,651026594179
KH00000195,Nathan Williams,0239581985,sbrown@example.net,627323332377
KH00000196,Adam Johnson,4672042187,lauren61@example.com,030849753218
KH00000197,Russell Rose,9095905156,nancy62@example.org,073803401705
KH00000198,Jamie Rios,6963444030,kelly18@example.org,067789386473
KH00000199,Cheyenne Murphy,1882366582,wallacethomas@example.net,791079389173
KH00000200,Beth Holt,3638714308,danielle73@example.com,975476756811
KH00000201,Jeffrey Navarro,4943074662,ericksonmichael@example.com,733684820121
KH00000202,Jeremy Ruiz,8138070152,sarah96@example.net,196631352264
KH00000203,James Russell,6866399704,hernandezbethany@example.net,969313315483
KH00000204,Matthew Baker,8361768580,sean69@example.org,332451345604
KH00000205,Danielle Roberts DVM,4146483968,taylorjulie@example.org,104080130128
KH00000206,George Jones,4459856773,hodgespatrick@example.com,628918996337
KH00000207,Jennifer Romero,6810321778,steven39@example.org,335437601479
KH00000208,Eric Simpson,8320965795,nathanharris@example.org,061936126016
KH00000209,Laura Vasquez,2930138576,jessica79@example.org,367662426597
KH00000210,Miss Felicia Owens,3714389297,linneil@example.org,119362374766
KH00000211,Shawn Brown,8670921291,ahayes@example.net,913654583231
KH00000212,Mark Duncan,5648165725,bowersjoshua@example.com,954866956859
KH00000213,Benjamin Mccarthy,3485664049,uanderson@example.org,041944998150
KH00000214,Kyle Perez,4726013958,lalexander@example.com,729081778285
KH00000215,Darrell Williams,4042352620,wilsonstacey@example.net,201380888196
KH00000216,Kevin Smith,3068139530,jason90@example.net,592190416259
KH00000217,Aaron Ellis,3884387438,morenojoseph@example.com,121960692806
KH00000218,Brent Murphy,9233023711,walkerjonathan@example.net,094097229317
KH00000219,Rebecca Lopez DDS,1683326400,richard95@example.net,718115415695
KH00000220,Brandi House,8360301876,halllaura@example.net,940022037377
KH00000221,Joshua Bright,4975374505,uperry@example.net,713387639771
KH00000222,Tina Hernandez,6991825241,tammy11@example.com,174249416280
KH00000223,Ronald Kramer,6712493943,vpalmer@example.com,556052658608
KH00000224,Anthony Mills,3380512624,jonathandennis@example.net,501159448024
KH00000225,Heather Johnson,0589262331,banksjennifer@example.org,646332096970
KH00000226,Brenda Vaughn DDS,7320235990,tanyavaughn@example.com,189215769226
KH00000227,Andre Davis,6671846204,heatherconley@example.net,654139418322
KH00000228,Sara Adams,6618996960,brownanthony@example.net,520745355163
KH00000229,Lauren Hughes,1217455932,mariarodriguez@example.net,416086467911
KH00000230,Daniel Blackburn,2566240286,rhodesmatthew@example.net,961105081216
KH00000231,Daniel Price,1207399929,katherine80@example.com,203847657095
KH00000232,Tyler Roberts,8750255210,pearsonkristen@example.org,941987147575
KH00000233,Ashley Harris,4011395732,mmedina@example.net,473956807466
KH00000234,William Bowman,6222059232,ghuber@example.net,550425543120
KH00000235,Zachary Duncan,9802835910,gwade@example.org,126034796573
KH00000236,Marcia Sweeney,1808665817,cabreralisa@example.net,402933603244
KH00000237,Daniel Fernandez,5585232447,andrew83@example.com,313611586468
KH00000238,Paula Cisneros,5466472018,stuartpeter@example.org,812908645688
KH00000239,Clifford Stephens,8024003741,alejandra04@example.org,800975073157
KH00000240,Sabrina Gonzalez,9846915442,garciakelly@example.com,561991519731
KH00000241,Ian Butler,6724039439,craigmartinez@example.net,747518745071
KH00000242,Sean Whitaker DDS,8364875015,shawnacarter@example.net,569596346096
KH00000243,Cameron Sanchez,0240858613,hannah25@example.com,713561076562
KH00000244,Kristy Duarte,8974345804,kyledaugherty@example.com,245688408669
KH00000245,Deborah Jarvis,7588700277,katherineroberts@example.net,004775977977
KH00000246,Daniel Martin,6033728301,xelliott@example.com,479095327611
KH00000247,Manuel Guzman,2603062614,geraldtran@example.com,610379711158
KH00000248,Tanya Velasquez,5676528879,sanderssteven@example.com,626131827936
KH00000249,Jay Walter,1925741233,christina97@example.net,650454113480
KH00000250,Angela Griffin,4700873124,franksmith@example.net,265709468226
KH00000251,Amanda Branch,4303397356,xgutierrez@example.net,031700864784
KH00000252,Steven Robles,1927461201,fhuffman@example.org,561632902231
KH00000253,Keith Barnes,1249803955,rodriguezmichael@example.net,260784422272
KH00000254,Steven Mcbride,1512101987,martin96@example.com,240914632899
KH00000255,Crystal Jones,8760799708,lindaconrad@example.org,341875068141
KH00000256,Mark Preston,0456637943,kevinsparks@example.org,520823380515
KH00000257,Michelle Stone,7584472692,fnelson@example.com,897603318023
KH00000258,Nicole Li,8780354570,valeriemccoy@example.net,354678214885
KH00000259,Michael Gross,0870568098,colemantasha@example.org,682667692445
KH00000260,Jerry Browning,9223722549,vfuller@example.com,072296909735
KH00000261,Matthew Gonzalez,5847153032,stevensoncheryl@example.net,050410579705
KH00000262,Seth Wilson,4532463857,bfrench@example.org,426627757047
KH00000263,Rachel Barajas,6908703901,pennymcdaniel@example.org,144045564835
KH00000264,Justin Morse,8813405810,brenda36@example.com,112228854065
KH00000265,Alyssa Mahoney,7819206055,ojohnson@example.net,023699876022
KH00000266,Christina Hudson,5693576199,deborah39@example.org,229188670615
KH00000267,Blake Burton,5455436001,xpeterson@example.com,908782769668
KH00000268,Kenneth Singh,7641483631,crystaljordan@example.org,004616640609
KH00000269,Samantha Gray,1584820138,charles05@example.org,858739008964
KH00000270,Jessica Wiggins,2869652962,devincole@example.com,398137812253
KH00000271,Emily Richardson,0598826036,rburton@example.org,305504469239
KH00000272,Stephanie Summers,8504558914,rhondajensen@example.org,119564000300
KH00000273,Kimberly Brewer,6313496635,jimenezthomas@example.org,348111367915
KH00000274,Eric Smith,6222256296,ballardmark@example.org,679815054660
KH00000275,William Short,0783011631,joseph60@example.org,517730469881
KH00000276,Daniel Mueller,2990113515,rileyjorge@example.org,653231463691
KH00000277,Austin Rose,0584407080,dianalloyd@example.net,877469390041
KH00000278,Timothy Krueger,4071128668,hunter57@example.net,369715369748
KH00000279,Melissa Young,3575785867,nicolecoleman@example.org,952337270405
KH00000280,Eric Vega,5129326096,ortiznathan@example.net,506342031547
KH00000281,Maureen Vasquez,8452894651,barry65@example.com,122315760522
KH00000282,Shannon Bright,0152941579,ecalhoun@example.com,478587612973
KH00000283,Mr. Mark Perkins,8657700954,lharvey@example.net,497428974795
KH00000284,Matthew Trevino,5997010617,kevin54@example.net,188629229351
KH00000285,John Harrell,8249382501,sdavis@example.com,998872867592
KH00000286,Brian Robinson,3408464547,christina85@example.org,354842820757
KH00000287,Rodney Davis,7385511593,eortega@example.com,294241025290
KH00000288,Matthew Harrison,2893879774,williamharris@example.org,129989705897
KH00000289,Michael Palmer,8347973946,chadmoore@example.net,797162971708
KH00000290,Erin Smith,2768329351,brownmichelle@example.com,580952342362
KH00000291,Jennifer Griffin,4039447133,catherinedavis@example.net,555153000077
KH00000292,Samantha Conner,3198683156,huffsabrina@example.com,439010415557
KH00000293,Natalie Jones,7271436264,shardin@example.com,023065573721
KH00000294,Brian Johnston,7946606641,fosterrobert@example.com,264761331353
KH00000295,Erin Guzman,9957301186,ronaldprice@example.net,843072980179
KH00000296,Michael Acosta,6659491975,arubio@example.org,076460755153
KH00000297,Daniel Velazquez,9112476555,michaelamcmillan@example.net,014638296932
KH00000298,Ashley Strong,8432007928,staceygarcia@example.net,802359682852
KH00000299,Alexandria Brown,2942702449,kathryn98@example.com,176569043077
KH00000300,Alyssa Morales,5612400475,jeannephillips@example.org,753597131005
KH00000301,Sergio Marshall,6514896533,davidbates@example.com,365303079890
KH00000302,Jimmy Boyd,2573300201,colemansamuel@example.com,826077269885
KH00000303,Gary Walters,2930383379,zmarshall@example.com,885771145499
KH00000304,Patricia Thornton,7844727661,poncesusan@example.org,705868702599
KH00000305,Angela Miller,0216188884,atkinscharles@example.net,322401135167
KH00000306,Angie Wilson,6007912979,fowlerandrew@example.org,323575789820
KH00000307,Melissa Barton,2276791409,christiannelson@example.net,218909636015
KH00000308,Linda Spencer,5010195278,jmartinez@example.org,798204057548
KH00000309,Sonya Reynolds,7128511311,whiteleslie@example.net,732336589490
KH00000310,Angela Horton,0613295710,nathan43@example.com,792018581892
KH00000311,Alexander Rosario,6733755941,wilsonjustin@example.net,933843139241
KH00000312,Maria Mendez,2002315468,savannahwalker@example.org,290079083204
KH00000313,Shannon Morris,8416527585,grayrichard@example.org,521679827155
KH00000314,Terry Castaneda,0838085649,timothyflynn@example.net,891379166285
KH00000315,Jody Dixon,7194617929,mckinneygerald@example.net,748972909444
KH00000316,Ronnie Davis,1954445287,roger15@example.org,349285129586
KH00000317,Mr. Curtis Martinez,2022980456,csmith@example.org,561968127615
KH00000318,Bonnie Garcia,7851379859,janetwade@example.com,682520168851
KH00000319,Sydney Long,5092244562,garnerjennifer@example.org,790557941147
KH00000320,Gerald Garner,7485605342,carlos50@example.net,269814606569
KH00000321,Matthew Mooney,7638209534,glenndustin@example.com,088277245662
KH00000322,Lisa Rodriguez,3500274228,tabithagardner@example.org,630700574714
KH00000323,Victor Frazier,6170839036,martinmichael@example.org,821665273076
KH00000324,Cheryl Hall,6748080313,maureen63@example.org,782285552153
KH00000325,Brian Pope,3272264617,lnewman@example.net,457049390445
KH00000326,Paul Davidson,1613810085,julieduncan@example.org,907455646769
KH00000327,Lori Johnson,5534413612,joanne41@example.org,049559245129
KH00000328,Daniel Stanton,9791752937,calhoundebra@example.com,495598678530
KH00000329,Michelle Padilla,0253827494,thoward@example.net,629583912022
KH00000330,Jared Ward,3598236576,thomaschristopher@example.net,730086211154
KH00000331,Allen Hancock,7590118780,iromero@example.org,583057523971
KH00000332,Larry Allen,4162941862,williamcain@example.org,099456093166
KH00000333,Stephanie Taylor,9772918168,erogers@example.org,032622193454
KH00000334,Laura Payne,9678263021,antonio78@example.com,173817387637
KH00000335,Angela Sanchez,7851409036,matthewsjuan@example.com,786588656884
KH00000336,Daniel Williams,9013930452,brownsteven@example.org,611476803483
KH00000337,Alexander Hughes,0569078065,kevingentry@example.com,870248393279
KH00000338,Marie Harper,4628921607,thompsonlaurie@example.net,511209871136
KH00000339,Matthew Martinez,9198052764,robertrodriguez@example.net,281942256326
KH00000340,Mary Moore,5489865354,richardcarlson@example.org,060284362340
KH00000341,Jessica Anderson,0407291365,joseph42@example.com,032522248560
KH00000342,Jillian Moore,6195801014,byrdsteven@example.org,812548133335
KH00000343,Corey Jones,4733873069,davidsawyer@example.org,277396176458
KH00000344,Keith Soto,7034066364,pwalker@example.com,182204254238
KH00000345,Carol Thompson,7127869921,omartinez@example.org,545774330582
KH00000346,Justin Curry,3870437583,kwong@example.org,463075939964
KH00000347,Ashley Campbell,2808398362,brendamora@example.com,240797120766
KH00000348,Shannon Yates,6725881994,angelafoster@example.net,096741664338
KH00000349,Benjamin Brown,6700858980,xgreen@example.net,992790569818
KH00000350,Tammy Johnson MD,1255384995,clarkchristopher@example.com,829260787290
KH00000351,Ashley Wong,2959864860,kristen49@example.net,378245588556
KH00000352,Cindy Hartman,8115248451,dawn92@example.org,153634472742
KH00000353,Lauren Carlson,1550006898,timothyclarke@example.org,972040244263
KH00000354,Erika Obrien,7719687054,nicholasray@example.net,374470621751
KH00000355,Samantha Diaz,1816409299,christopher31@example.com,990252031067
KH00000356,Angela Chavez,8691712141,fwalker@example.org,667425617830
KH00000357,Hayley Johnson,3187571734,laurapage@example.net,957746039865
KH00000358,Charles Mack,9799870527,smithmolly@example.com,798887019698
KH00000359,Chad Vazquez,9697954545,robertsashley@example.org,751595139273
KH00000360,Michelle Ramos,9052678165,martingoodwin@example.com,358951267062
KH00000361,Heidi Taylor,2180382265,connor08@example.org,846457848737
KH00000362,Kristopher Buck,0543238429,yatesjonathan@example.com,494710830516
KH00000363,Javier Pineda,6006452479,melody13@example.com,265754445222
KH00000364,Jeremy Jackson,8722553132,scobb@example.org,144138677841
KH00000365,Jennifer Diaz,6727893584,rose67@example.net,254140781479
KH00000366,Robert Wilson,4507378743,ronaldhill@example.org,553909116607
KH00000367,Lawrence Gomez,4758460438,jack60@example.net,390304670123
KH00000368,Corey Lucas,7705935328,katherinehines@example.net,476748213426
KH00000369,Linda Perez,3638392398,sarabutler@example.net,437435073904
KH00000370,Michael Clark,3053186477,larry78@example.net,837783440117
KH00000371,Dr. Kimberly Ford,8126682379,umoore@example.net,610245829160
KH00000372,Olivia Sanders,1724902885,ericmckinney@example.com,166635297049
KH00000373,Joseph Miller,3186519098,hogantina@example.com,047577983662
KH00000374,Noah Braun,1716750906,yolanda71@example.com,960055698619
KH00000375,Jason Johnson DDS,2836361969,danielchambers@example.org,649059140161
KH00000376,Mary Wiley,2254052523,xrios@example.org,196365675764
KH00000377,Devin Velez Jr.,4234034681,ajimenez@example.org,629421121435
KH00000378,Tracie Keller,4664568305,gsalazar@example.com,543996338901
KH00000379,Jessica Koch,9600930195,steventorres@example.com,431008761744
KH00000380,Daniel Peterson,4054628681,sarahrobinson@example.org,031937721775
KH00000381,Jacqueline Taylor,9538930976,longkelsey@example.net,885195980349
KH00000382,Ryan Bowers,9660726421,laura70@example.com,797251995617
KH00000383,Timothy Cummings,8434467968,alexanderwilson@example.com,359680174936
KH00000384,Elizabeth Mclaughlin,3241441743,codyclark@example.com,895418822413
KH00000385,Shelby Gibbs,8272265948,dawnlynch@example.net,856930358141
KH00000386,Lisa Taylor,8458285683,patricknicholas@example.com,056535594596
KH00000387,David Myers,2443811241,thompsoncarlos@example.net,768974916906
KH00000388,Ryan Hall,8968051837,nalvarez@example.com,259429849747
KH00000389,John Bright,7602159618,rosegregory@example.org,653863037617
KH00000390,Kristy Wells,9468559535,fosterkim@example.org,920648462515
KH00000391,Joy Williams,0667271202,simmonskevin@example.org,087960788222
KH00000392,Julia Buchanan,3616956002,tommy70@example.net,553536622774
KH00000393,Marie Simon,7260283598,qfisher@example.org,740230061761
KH00000394,Dr. Gail Watson,1031501192,christina10@example.net,353580508843
KH00000395,Emily Morrison,9024532272,qmiller@example.com,997201899567
KH00000396,Stephen Flores,2742711634,andrewlopez@example.com,806520926679
KH00000397,Michelle Edwards,6000228761,conniecox@example.org,024069492778
KH00000398,Lauren Murphy,5485294547,alyssalopez@example.com,318850302240
KH00000399,Andre Jordan,5288470989,websterpaul@example.org,875849613758
KH00000400,Amber Smith,8697563876,cassandraperry@example.org,613723871421
KH00000401,Elizabeth Martinez,4040052321,gonzalezkeith@example.com,808490687112
KH00000402,Paula Evans,0612486625,richardmitchell@example.org,637290660657
KH00000403,Michelle Webb,5801434403,lucasgloria@example.org,157587947478
KH00000404,Janice Murray,9472491588,freemanscott@example.com,086858776990
KH00000405,Karl Allen,6201106427,jeangoodman@example.net,300099265471
KH00000406,Sarah Roach,9258574071,richardsonheather@example.net,886402805419
KH00000407,Melissa Ramsey,2655377650,campbelljose@example.org,983947767260
KH00000408,Cynthia Hurst,2704463684,zbrown@example.org,384608205408
KH00000409,Angel Vazquez,7616903143,allenrachel@example.net,302756396072
KH00000410,Mary Johnson,2528121214,anna56@example.com,110685723608
KH00000411,Gary Brooks,5978162540,ihamilton@example.net,646902570570
KH00000412,Karen Thompson,8269607719,leemargaret@example.net,763261671554
KH00000413,Kristen Lee,2658308506,ypage@example.net,613820856507
KH00000414,Courtney Fields,4594248884,denise21@example.org,135049067026
KH00000415,Angela Flores,9265423843,brayanna@example.com,730661477912
KH00000416,Christopher Aguirre,8532685971,emily55@example.org,511963569592
KH00000417,Jason Jones,8154381143,cunninghammichael@example.net,611888406229
KH00000418,Ryan Nelson,9958985528,bgreen@example.net,170809488478
KH00000419,Richard Valencia,7839564314,william61@example.org,951198774131
KH00000420,Lauren Smith,7819175478,ybutler@example.com,671426031910
KH00000421,Molly Carter,1523797488,butlerstephen@example.org,613148717862
KH00000422,Jennifer Thompson,1948841267,vvelasquez@example.net,558542398752
KH00000423,Kimberly George,1067798839,johnsonmichael@example.net,531913123761
KH00000424,Nancy Moore,3695715433,matthewschroeder@example.com,375366861789
KH00000425,Courtney Hall,4622879629,mbarnett@example.org,820545405678
KH00000426,William Gonzalez,0013512775,cynthiasimmons@example.org,817519222310
KH00000427,Daniel Salas,4667383199,uowens@example.com,262266517890
KH00000428,Phillip Fuentes,2789217788,michael26@example.net,638026558737
KH00000429,Ronald Carpenter,9015083641,thomasrobert@example.net,322542374355
KH00000430,Cindy Simmons,6466482370,susan86@example.org,875256533429
KH00000431,Jessica Soto,8081030127,richardsonlawrence@example.net,991200830465
KH00000432,Jerry Martinez,4234319522,christopher63@example.net,613703369009
KH00000433,Nathan Sullivan,9378290753,jonathangray@example.org,298812121071
KH00000434,Linda Harmon,4615577521,mark79@example.net,538018665752
KH00000435,Mr. Dennis Norton,2517359369,william25@example.net,529554328490
KH00000436,Kimberly Larson,4456305065,ronnie69@example.net,980744635931
KH00000437,Elizabeth Salazar,2161848009,jacksonadrienne@example.net,820945029053
KH00000438,Jonathan Ray,3628251531,coryhunt@example.net,527387160617
KH00000439,Daniel Shaffer,6398924517,richardmartinez@example.org,620863948874
KH00000440,Kristen Rocha,4795278598,taylorchad@example.net,005609464750
KH00000441,Eric Hale,7006866617,caseshannon@example.com,962714433819
KH00000442,Mike Robinson,6738694425,robert19@example.net,921715408354
KH00000443,Colton Edwards,9479770214,stacyvasquez@example.com,279422528491
KH00000444,Anthony Hall,2621810533,nathanbass@example.com,860205893908
KH00000445,Michael Lambert,8843128925,tracycampbell@example.net,028014701113
KH00000446,Ashley Dominguez,9300251104,kelly77@example.net,456115170655
KH00000447,Tara Schultz,7150003183,ukennedy@example.net,094904829464
KH00000448,Alexandra Cole,2528986403,dcooper@example.net,364438234970
KH00000449,Margaret Burch,4279656973,fpeck@example.com,946666508174
KH00000450,Robert Dalton,4071662713,jillbell@example.org,435073349744
KH00000451,Jeffery Rose,5282858325,randerson@example.net,317186569372
KH00000452,Phillip Collins,8263615705,matthew49@example.com,734121364850
KH00000453,Daniel Trujillo,0577021073,jose80@example.net,665613707974
KH00000454,Eric Manning,3928688811,yesenia41@example.org,392310391702
KH00000455,Dawn Garcia,0125951350,cbrown@example.org,894613564393
KH00000456,Kayla Porter,8512359470,nancy30@example.net,411812699096
KH00000457,Elizabeth Kirby,4109068957,tim77@example.org,264607401704
KH00000458,Ryan Short,6774670999,deleonronald@example.net,914224389631
KH00000459,Linda Jordan,8486864939,greenmarcus@example.org,213883643111
KH00000460,Jason Fernandez,4977387136,michelledennis@example.com,017985240655
KH00000461,Benjamin Washington,1126317396,vanessamcpherson@example.com,695884830768
KH00000462,Mallory Mercado,9412730879,janetmorton@example.net,873109675916
KH00000463,Suzanne Fischer,7257463498,ashleyrodriguez@example.com,906245042676
KH00000464,Kari Valdez,4786991411,hernandezjeremy@example.com,836243211304
KH00000465,David Lara,4437926265,leah24@example.net,883057360015
KH00000466,Robert Giles,3684107950,christina43@example.com,530346801796
KH00000467,Bobby Kelly,0347972138,jennifer32@example.org,926632325125
KH00000468,Anne Miller,6301940978,alexanderadams@example.org,242845254465
KH00000469,Brady Byrd,9874441100,areed@example.com,564035761622
KH00000470,Jasmin Underwood,5412740959,lsingleton@example.org,610938937403
KH00000471,Charles Castaneda,5277052270,carolyoder@example.org,270486269975
KH00000472,Nicolas Santos,8827935801,brittany14@example.org,750834407249
KH00000473,Holly Williams,6189035523,kevin16@example.org,685991102802
KH00000474,Lindsey Torres,9278571480,vanessamurphy@example.com,199917050597
KH00000475,Patricia Harris,2198733615,richardarroyo@example.org,999612180520
KH00000476,Craig Carrillo,1683015854,uschmitt@example.net,317897788175
KH00000477,Tonya Tran,3353203598,robert25@example.net,011004201596
KH00000478,Mrs. Leslie Wood,2427551429,christopherbrooks@example.org,951835053708
KH00000479,Alicia Conrad,5603716476,vwilliams@example.net,973718566268
KH00000480,John Brown,6955315056,asoto@example.org,651941312957
KH00000481,Rachael Garcia,6362364341,kristinadavis@example.net,248078631925
KH00000482,Joseph Powell,5470920370,vtate@example.com,317556214982
KH00000483,Erica Coffey,1923927578,robert80@example.net,465722103688
KH00000484,Brenda Willis,6549108011,thompsonjames@example.org,689150186109
KH00000485,Andrew Ewing,2805845521,laurahart@example.net,731031429295
KH00000486,Travis Dillon,7136002414,cookshannon@example.org,181892621843
KH00000487,Derrick Phillips,7667089473,award@example.org,698447792437
KH00000488,Peter Reid,6404979049,jessevang@example.com,680129057763
KH00000489,Rachel Roberts,7186250042,cerickson@example.com,824418078888
KH00000490,Joseph Hines,4821241490,asanders@example.com,053780748983
KH00000491,Angela Farley,2526006180,christopher25@example.com,958446439962
KH00000492,Marcus Marsh,6109133558,jesse63@example.com,458911217558
KH00000493,Colton Peterson,1525585255,justinmiller@example.net,454684890668
KH00000494,Janet Jones,6613479443,juliehicks@example.org,162871970488
KH00000495,Kelly Morrison,6537536876,scottandrew@example.net,640706947034
KH00000496,Michelle King,1068447463,garciajustin@example.org,629570844634
KH00000497,Thomas Cooper,9584464423,gregory38@example.org,201023328050
KH00000498,Pamela Townsend,5403594300,dukekathryn@example.com,409874509739
KH00000499,Stephanie Bailey,1098484489,dorothygarza@example.net,918061057142
KH00000500,Robert Johnson,5805177856,rogersjames@example.com,603501903723
