MADATCHO,NGAYDEN,GIODEN,SOLUONGKHACH,GHICHU,SDT
DC00000001,2024-01-01,18:39:31,15,It method war right total.,594.492.54
DC00000002,2024-02-22,17:38:31,11,Both stage young color.,552.548.61
DC00000003,2024-09-21,16:37:31,10,Choose cost city above own decision.,(207)828-4
DC00000004,2024-04-01,15:36:31,15,One system indeed indeed office.,867-306-51
DC00000005,2024-09-09,14:35:31,20,Herself subject may.,337.457.42
DC00000006,2024-09-15,13:34:31,14,Minute policy senior color he reflect work people.,563.825.78
DC00000007,2024-08-23,12:33:31,4,Speech should believe concern everybody according.,850.574.76
DC00000008,2024-06-18,11:32:31,2,Improve poor air into get.,709.305.51
DC00000009,2024-08-04,10:31:31,14,Identify require lawyer marriage weight summer.,001-599-92
DC00000010,2024-02-21,09:30:31,9,Participant mouth bank drive.,608-784-46
DC00000011,2024-08-27,08:29:31,7,Factor far clear exist such near decide.,704.449.27
DC00000012,2024-10-13,07:28:31,17,Through process discussion bring month.,(935)884-7
DC00000013,2024-05-29,06:27:31,10,Leader hear fear increase possible adult.,696.918.45
DC00000014,2024-10-03,05:26:31,15,Sense first although other serve standard anyone she.,388.263.46
DC00000015,2024-10-28,04:25:31,3,Suffer cover really fast research.,(887)913-2
DC00000016,2024-02-12,03:24:31,19,Relationship hotel detail none discussion.,441.625.51
DC00000017,2024-09-18,02:23:31,13,Include machine ahead main bit management.,998-965-83
DC00000018,2024-07-17,01:22:31,1,Manage three century recognize.,001-426-52
DC00000019,2024-04-08,00:21:31,3,Husband question actually.,001-572-71
DC00000020,2024-10-17,23:20:31,18,Work I environmental sort week follow many.,572.709.91
DC00000021,2024-09-17,22:19:31,4,Especially her school enter ok strong the.,001-970-40
DC00000022,2024-06-04,21:18:31,18,Show somebody level stuff school on lawyer.,833.316.53
DC00000023,2024-04-21,20:17:31,9,Among board easy nor.,(618)774-9
DC00000024,2024-08-09,19:16:31,17,Scene here area allow see.,449-800-28
DC00000025,2024-05-10,18:15:31,1,Why visit open western.,+1-337-528
DC00000026,2024-04-06,17:14:31,9,Year only let our.,001-254-97
DC00000027,2024-04-03,16:13:31,19,Take case woman store sense perform style.,953.456.32
DC00000028,2024-01-03,15:12:31,3,North yes Mr right human something few.,(481)370-4
DC00000029,2024-02-03,14:11:31,6,Treat someone design.,458-904-69
DC00000030,2024-10-04,13:10:31,4,Style player writer appear policy back great.,(915)605-2
DC00000031,2024-01-15,12:09:31,15,Every how final fall raise something get.,250.880.47
DC00000032,2024-01-25,11:08:31,18,Minute table away though.,3155057674
DC00000033,2024-09-09,10:07:31,2,Left meet section head affect focus compare.,001-471-98
DC00000034,2024-01-31,09:06:31,19,Reach Mr who wait plan.,+1-277-755
DC00000035,2024-02-08,08:05:31,5,Almost difference media knowledge Congress member.,+1-609-822
DC00000036,2024-11-03,07:04:31,2,Happy agent speak might young style.,(662)996-5
DC00000037,2024-07-28,06:03:31,19,Within usually space free cultural material reason.,001-640-30
DC00000038,2024-08-17,05:02:31,1,Catch product glass song.,677-259-82
DC00000039,2024-04-09,04:01:31,3,Relationship Mrs say figure happen behavior.,460-266-80
DC00000040,2024-11-02,03:00:31,17,Remember claim traditional possible growth.,(996)325-8
DC00000041,2024-06-07,01:59:31,17,Marriage rest total though.,986.488.01
DC00000042,2024-12-16,00:58:31,12,Kind to size mother responsibility organization piece.,358-728-37
DC00000043,2024-02-07,23:57:31,7,Loss remember off friend call serve.,229.717.85
DC00000044,2024-03-23,22:56:31,3,Thank finally network threat sound.,310.811.10
DC00000045,2024-02-22,21:55:31,9,Capital third dream well cut.,001-658-77
DC00000046,2024-11-24,20:54:31,1,Major west how people old.,(695)633-4
DC00000047,2024-01-31,19:53:31,4,Summer newspaper company official respond.,7875792110
DC00000048,2024-04-18,18:52:31,7,Deal consumer buy popular especially.,+1-656-258
DC00000049,2024-06-30,17:51:31,15,Food smile occur spend drive true my.,229.810.73
DC00000050,2024-07-09,16:50:31,16,Democrat close notice deal husband little natural must.,(499)963-1
DC00000051,2024-01-09,15:49:31,3,Popular century often short total.,(216)472-6
DC00000052,2024-07-15,14:48:31,7,Difference list role spring interest success coach memory.,453.715.52
DC00000053,2024-01-24,13:47:31,12,Maintain like magazine nature.,001-543-99
DC00000054,2024-01-29,12:46:31,11,Dark stage design discover respond.,+1-474-919
DC00000055,2024-03-22,11:45:31,4,Various exactly office quality country traditional.,691-276-28
DC00000056,2024-12-09,10:44:31,18,Ability girl reality foot degree rule.,914.348.87
DC00000057,2024-05-12,09:43:31,19,Thing offer material enter task small fact.,423.989.31
DC00000058,2024-07-12,08:42:31,6,Campaign develop north day participant.,368.819.77
DC00000059,2024-04-07,07:41:31,20,Material together mean bar task.,(462)234-9
DC00000060,2024-02-02,07:40:31,5,Reveal religious pay prevent degree oil blood.,(921)679-5
DC00000061,2024-07-05,06:39:31,11,Travel standard city accept.,969.604.09
DC00000062,2024-11-28,05:38:31,16,As approach figure forward despite training happy total.,593.578.80
DC00000063,2024-11-12,04:37:31,9,Many safe church sometimes team leader.,001-486-22
DC00000064,2024-09-29,03:36:31,7,Sell wait one analysis.,+1-447-237
DC00000065,2024-12-13,02:35:31,2,Soon enjoy live note.,(201)244-5
DC00000066,2024-04-04,01:34:31,4,Success agency simply admit develop sport throughout.,450-825-20
DC00000067,2024-03-21,00:33:31,5,Candidate different fight without.,439.324.58
DC00000068,2024-05-23,23:32:31,5,Despite stock into serious prepare.,417.672.62
DC00000069,2024-03-01,22:31:31,4,Red board cup figure media answer economy.,988-690-49
DC00000070,2024-06-25,21:30:31,9,Myself focus hear one level same.,615.215.23
DC00000071,2024-05-11,20:29:31,6,Try by game treatment sister usually.,(536)706-2
DC00000072,2024-10-09,19:28:31,5,Television company stuff adult choose first provide.,001-363-87
DC00000073,2024-02-03,18:27:31,10,Movie reality life hot step analysis.,(989)234-1
DC00000074,2024-07-19,17:26:31,5,Pull save practice single.,253-540-65
DC00000075,2024-04-25,16:25:31,10,Concern over at all dog notice say sit.,4828366001
DC00000076,2024-06-10,15:24:31,17,More future administration start authority.,(991)872-7
DC00000077,2024-03-01,14:23:31,3,Leave design watch benefit.,(700)920-4
DC00000078,2024-01-24,13:22:31,2,Nor third clear fill population.,001-797-46
DC00000079,2024-12-18,12:21:31,6,Individual place year dog box policy oil.,6723253476
DC00000080,2024-05-25,11:20:31,11,Along through type turn region.,628.975.43
DC00000081,2024-05-21,10:19:31,13,Stock tax save doctor study whom.,(592)571-6
DC00000082,2024-04-02,09:18:31,7,Commercial especially fine any light rich.,994-200-73
DC00000083,2024-09-30,08:17:31,17,Information summer maybe mind the company amount.,+1-312-733
DC00000084,2024-05-08,07:16:31,13,His agent machine represent career easy food.,481-561-51
DC00000085,2024-10-08,06:15:31,1,Same politics catch leg.,364.838.62
DC00000086,2024-12-01,05:14:31,5,Already share drop wind.,(625)514-6
DC00000087,2024-10-07,04:13:31,8,Usually amount plant data.,574.640.39
DC00000088,2024-09-02,03:12:31,11,Save actually record specific voice modern.,001-368-26
DC00000089,2024-03-03,02:11:31,4,Range through challenge suggest make industry economy.,5046616098
DC00000090,2024-02-22,01:10:31,13,Account program truth itself enough catch tax.,+1-251-649
DC00000091,2024-06-17,00:09:31,5,Floor force probably right.,739.219.83
DC00000092,2024-03-11,23:08:31,3,Red reason require direction Congress agency.,860.316.95
DC00000093,2024-12-14,22:07:31,17,Deal foot rock yard push major.,853.546.77
DC00000094,2024-05-03,21:06:31,3,Then war listen poor.,205.259.83
DC00000095,2024-08-04,20:05:31,16,Month style live hundred still summer.,785-702-90
DC00000096,2024-01-25,19:04:31,4,Skin purpose three crime success card paper.,001-548-68
DC00000097,2024-06-03,18:03:31,4,Third piece fire.,001-550-96
DC00000098,2024-03-02,17:02:31,6,Fly someone message marriage.,+1-501-506
DC00000099,2024-03-03,16:01:31,12,Difficult another significant bar one.,2337092123
DC00000100,2024-01-28,15:00:31,2,Read window they ever western save Democrat fast.,(478)227-8
DC00000101,2024-11-24,13:59:31,12,International office section democratic understand.,325-761-96
DC00000102,2024-03-30,12:58:31,17,Relationship stop involve project foot explain level.,333.859.97
DC00000103,2024-05-31,11:57:31,15,Middle feel no.,461.549.77
DC00000104,2024-01-22,10:56:31,18,Charge catch about.,(533)606-7
DC00000105,2024-09-25,09:55:31,5,It we possible gun role program.,232.664.99
DC00000106,2024-05-08,08:54:31,18,Degree quality pressure television information.,+1-986-415
DC00000107,2024-03-11,07:53:31,14,Economic executive fear and quickly training.,5104612970
DC00000108,2024-12-10,06:52:31,3,Help resource coach half TV size.,697-569-60
DC00000109,2024-03-25,05:51:31,13,Happen form charge bar director certainly money.,+1-592-843
DC00000110,2024-06-30,04:50:31,7,Major face interest scientist community lose good culture.,+1-849-448
DC00000111,2024-10-22,03:49:31,10,Gas provide begin pick individual option whole.,5827664985
DC00000112,2024-10-06,02:48:31,4,Main she past fund begin.,864-958-44
DC00000113,2024-07-15,01:47:31,14,Natural figure large despite.,531.820.27
DC00000114,2024-06-06,00:46:31,11,Trip necessary case deal.,001-571-62
DC00000115,2024-03-02,23:45:31,3,Field employee indeed can her century.,+1-279-409
DC00000116,2024-11-14,22:44:31,20,Rather where rate from.,285.778.11
DC00000117,2024-07-22,21:43:31,10,He serve arrive or.,+1-646-455
DC00000118,2024-09-14,20:42:31,18,Find parent property site describe responsibility.,+1-620-715
DC00000119,2024-06-11,19:41:31,1,Wear throw across arm wall.,+1-993-598
DC00000120,2024-11-21,19:40:31,13,At prepare approach town run money media.,(980)943-1
DC00000121,2024-02-28,18:39:31,9,Win would beyond company paper front.,816.300.88
DC00000122,2024-09-23,17:38:31,11,Age late pull.,+1-772-643
DC00000123,2024-02-08,16:37:31,14,Us campaign assume finally power personal.,+1-455-281
DC00000124,2024-07-08,15:36:31,1,Capital state prevent piece.,+1-787-946
DC00000125,2024-06-01,14:35:31,2,People any draw feel.,621.220.32
DC00000126,2024-06-21,13:34:31,1,Kitchen include box compare as agree assume.,500-658-61
DC00000127,2024-06-23,12:33:31,1,Difficult other letter young second little.,271.924.85
DC00000128,2024-10-13,11:32:31,14,Less occur sit newspaper scene some.,399-811-12
DC00000129,2024-08-22,10:31:31,7,Growth protect enough news food commercial bar all.,(330)666-3
DC00000130,2024-03-06,09:30:31,2,Job owner better.,+1-359-416
DC00000131,2024-06-13,08:29:31,9,Catch among ask above soon leg seat.,4134318798
DC00000132,2024-10-24,07:28:31,19,Security firm street full usually which.,+1-762-227
DC00000133,2024-11-14,06:27:31,18,Act can sing thus election.,495.789.62
DC00000134,2024-04-16,05:26:31,4,Argue least bag fight air standard.,+1-791-316
DC00000135,2024-10-07,04:25:31,1,Them in travel part anything.,(923)763-1
DC00000136,2024-04-16,03:24:31,4,Leader where anyone loss.,388.902.21
DC00000137,2024-07-23,02:23:31,8,Perhaps ok perform perform agent start.,9756921787
DC00000138,2024-11-06,01:22:31,15,Upon choose exist that show try east however.,+1-554-472
DC00000139,2024-05-15,00:21:31,15,Often down line create business wrong ahead and.,(667)522-3
DC00000140,2024-10-14,23:20:31,14,Provide onto degree single arrive blue save.,+1-834-457
DC00000141,2024-03-04,22:19:31,1,Nor cell line operation allow.,327-286-14
DC00000142,2024-10-18,21:18:31,8,Movement economic I these six Mr.,898.869.87
DC00000143,2024-08-17,20:17:31,20,Leave billion light law himself catch together north.,409-363-50
DC00000144,2024-06-18,19:16:31,11,Kitchen stage suffer argue yeah.,747-762-58
DC00000145,2024-07-06,18:15:31,1,Reflect put material before no western.,6172857666
DC00000146,2024-09-08,17:14:31,12,You remain offer.,001-961-52
DC00000147,2024-09-05,16:13:31,10,Impact catch ready it chance reveal.,405-743-78
DC00000148,2024-06-03,15:12:31,10,Spend subject opportunity where new bit Mr.,217.278.24
DC00000149,2024-11-30,14:11:31,11,Management part vote choice even.,675-550-68
DC00000150,2024-07-23,13:10:31,5,Represent rule must him.,+1-832-784
DC00000151,2024-01-18,12:09:31,10,What stand money.,001-583-28
DC00000152,2024-01-13,11:08:31,8,Three real pattern western pressure sport.,3328637589
DC00000153,2024-04-23,10:07:31,17,Despite sort add despite.,4677080806
DC00000154,2024-09-13,09:06:31,20,Image resource wear.,001-247-25
DC00000155,2024-08-26,08:05:31,10,For tell bed inside.,001-479-26
DC00000156,2024-02-19,07:04:31,19,Number stay every raise continue next season.,364.737.27
DC00000157,2024-02-03,06:03:31,16,Director with language growth actually.,+1-663-695
DC00000158,2024-12-07,05:02:31,4,Friend radio wish success environmental design example.,570.205.95
DC00000159,2024-02-29,04:01:31,17,Subject thousand share thousand when particularly war.,(300)969-1
DC00000160,2024-11-29,03:00:31,11,Everybody member account rather nothing.,289.527.92
DC00000161,2024-10-17,01:59:31,9,Seven marriage rise participant.,+1-691-616
DC00000162,2024-05-14,00:58:31,8,Management practice build candidate kind low production.,(302)514-2
DC00000163,2024-06-13,23:57:31,12,Market save between memory want still.,001-827-49
DC00000164,2024-06-19,22:56:31,1,Artist arrive listen wear computer society call.,(322)655-9
DC00000165,2024-08-28,21:55:31,14,Their Republican trial heart news in explain sell.,(859)404-2
DC00000166,2024-02-13,20:54:31,8,Someone growth science each class open window.,289.801.91
DC00000167,2024-02-15,19:53:31,10,Last federal dog Mrs check sure medical any.,599-303-55
DC00000168,2024-02-29,18:52:31,10,They social area course special.,(590)230-9
DC00000169,2024-11-02,17:51:31,9,Age their true option probably provide miss usually.,427-240-37
DC00000170,2024-06-12,16:50:31,18,Speak memory buy stop end.,2848463206
DC00000171,2024-11-01,15:49:31,7,His start include book include.,742-815-19
DC00000172,2024-09-18,14:48:31,3,Edge buy civil everything enjoy watch popular important.,(889)610-1
DC00000173,2024-05-13,13:47:31,12,Present show southern consider see car.,357.736.34
DC00000174,2024-07-13,12:46:31,1,Candidate represent summer.,506-611-89
DC00000175,2024-04-13,11:45:31,4,Movie police meeting western sing national view.,001-839-26
DC00000176,2024-02-06,10:44:31,14,Affect foreign guy bring human direction the either.,265-594-81
DC00000177,2024-02-02,09:43:31,16,Soon little system foot source enjoy sort.,001-359-45
DC00000178,2024-11-08,08:42:31,7,Sing magazine investment process husband parent argue.,(933)745-9
DC00000179,2024-07-07,07:41:31,19,Capital two although upon.,651.935.07
DC00000180,2024-03-04,07:40:31,7,Century purpose sea heart bar mind.,258.844.70
DC00000181,2024-08-27,06:39:31,6,Control night this.,321-202-47
DC00000182,2024-05-02,05:38:31,13,Person economic peace fish particular teacher.,403.223.74
DC00000183,2024-03-07,04:37:31,15,Family without throw financial form.,997.260.66
DC00000184,2024-04-06,03:36:31,14,Choose radio necessary agent us only.,(441)869-9
DC00000185,2024-12-09,02:35:31,12,Draw ago evidence thought finally.,484.333.78
DC00000186,2024-08-10,01:34:31,15,Behavior decision budget nice.,(936)580-4
DC00000187,2024-03-03,00:33:31,18,Glass career newspaper operation nothing.,(378)385-0
DC00000188,2024-11-24,23:32:31,20,Fine leader read other anything soldier.,+1-485-945
DC00000189,2024-05-20,22:31:31,3,Make PM skill college.,001-666-43
DC00000190,2024-03-04,21:30:31,13,Clear way across Republican father.,001-566-49
DC00000191,2024-10-12,20:29:31,2,Run financial tend water unit form.,(724)803-7
DC00000192,2024-10-11,19:28:31,14,Word scene interview keep development.,(831)248-5
DC00000193,2024-02-27,18:27:31,11,Suffer determine factor.,(576)788-1
DC00000194,2024-08-26,17:26:31,4,Common month measure later successful less course.,9193823055
DC00000195,2024-06-06,16:25:31,18,Thing maintain outside race know food pull key.,451.827.28
DC00000196,2024-11-08,15:24:31,14,He speak address us risk reveal order soon.,726-520-13
DC00000197,2024-04-05,14:23:31,2,Memory including as reduce professional shoulder.,393-948-80
DC00000198,2024-07-29,13:22:31,15,Economy citizen garden international series.,211.645.03
DC00000199,2024-08-01,12:21:31,8,Firm begin feeling benefit accept hold line.,+1-227-492
DC00000200,2024-09-30,11:20:31,16,Arm stuff kid go during score beautiful wrong.,001-614-51
